Title,Genre(s),Developer(s),Publisher(s),Release date(Japan),Release date(NA),Release date(Australasia),Release date(Europe)
007 Legends,First-person shooter,Eurocom,Activision,Unreleased,"December 11, 2012",Unreleased,"December 7, 2012"
1001 Spikes,Platformpuzzle,8bits Fanatics,Nicalis,"November 25, 2015","June 3, 2014",Unreleased,"October 1, 2015"
140,Platform,Double Fine Productions,Abstraction Games,Unreleased,"September 1, 2016",Unreleased,"September 1, 2016"
153 Hand Video Poker,Simulation,Skunk Software,Skunk Software,Unreleased,"June 2, 2016",Unreleased,Unreleased
3Souls,Puzzle platformer,Red Column,Red Column,Unreleased,"July 28, 2016","July 28, 2016","July 28, 2016"
6-Hand Video Poker,Puzzlestrategy,Skunk Software,Skunk Software,Unreleased,"March 31, 2016",Unreleased,Unreleased
6180 the moon,Platform,Turtle Cream,Turtle Cream,"July 6, 2016","February 25, 2016",Unreleased,"February 25, 2016"
8Bit Hero,Actionadventure,Sean Garland,Righteous Weasel,Unreleased,"May 12, 2016",Unreleased,Unreleased
99Moves,Action,EnjoyUp Games,EnjoyUp Games,"October 21, 2015","December 18, 2014",Unreleased,"December 18, 2014"
99Seconds,Action,EnjoyUp Games,EnjoyUp Games,"June 3, 2015","October 2, 2014",Unreleased,"October 2, 2014"
Absolutely Unstoppable MineRun,Adventure,Shy Egg,Shy Egg,Unreleased,"April 27, 2017",Unreleased,"April 13, 2017"
Abyss,Adventure,EnjoyUp Games,EnjoyUp Games,"January 7, 2015","May 1, 2014",Unreleased,"May 8, 2014"
Ace: Alien Cleanup Elite,Actionarcadefirst-person shooterfighting,Matthew Flewelling,Nitrolic Games,Unreleased,"March 16, 2017",Unreleased,"March 16, 2017"
Ace of Seafood,Action,Nussoft,Nussoft,"November 30, 2016",Unreleased,Unreleased,Unreleased
Act It Out! A Game of Charades,Party,Snap Finger Click,Snap Finger Click,Unreleased,"October 10, 2016",Unreleased,"October 6, 2016"
Adventure Party: Cats and Caverns,Party,E-Regular Games,E-Regular Games,Unreleased,"August 18, 2016",Unreleased,Unreleased
Adventure Time: Explore the Dungeon Because I Don't Know!,Action-adventure,WayForward Technologies,NA: D3 PublisherPAL: Bandai Namco Games,Unreleased,"November 19, 2013","December 12, 2013","December 13, 2013"
Adventure Time: Finn & Jake Investigations,Action-adventurerole-playing,Vicious Cycle Software,Little Orbit,Unreleased,"October 20, 2015",Unreleased,"November 6, 2015"
Adventures of Pip,Platform,Tic Toc Games,Tic Toc Games,Unreleased,"June 4, 2015",Unreleased,"January 21, 2016"
Aenigma Os,Puzzle,Akies Games,Akies Games,Unreleased,"September 15, 2016",Unreleased,"September 15, 2016"
Affordable Space Adventures,Adventurepuzzle,Knapnok Games,NifflasKnapnok Games,"November 18, 2015","April 9, 2015","April 9, 2015","April 9, 2015"
Alice in Wonderland,Visual Novel,Brave Rock Games,Brave Rock Games,Unreleased,"September 1, 2016",Unreleased,"September 8, 2016"
Alphadia Genesis,Japanese role-playing,Kemco,Natsume,"April 2, 2014","November 20, 2014","February 5, 2015","February 5, 2015"
The Amazing Spider-Man: Ultimate Edition,Action-adventure,Beenox,Activision,Unreleased,"March 5, 2013",Unreleased,"March 8, 2013"
The Amazing Spider-Man 2,Action-adventure,Beenox,Activision,Unreleased,"April 29, 2014","May 7, 2014","May 2, 2014"
Angry Birds Star Wars,Puzzle,Rovio EntertainmentExient Entertainment,ActivisionLucasArts,Unreleased,"October 29, 2013",Unreleased,"November 1, 2016"
Angry Birds Trilogy,Puzzle,Rovio EntertainmentFun Labs,Activision,Unreleased,"August 13, 2013",Unreleased,"August 16, 2013"
Angry Bunnies: Colossal Carrot Crusade,Puzzle,Cypronia,Cypronia,Unreleased,"September 25, 2014",Unreleased,"September 25, 2014"
Angry Video Game Nerd Adventures,Platform,FreakZone,ScrewAttack Games,Unreleased,"April 2, 2015",Unreleased,"December 10, 2015"
Animal Crossing: Amiibo Festival,Party,Nintendo EPDNDcube,Nintendo,"November 21, 2015","November 13, 2015","November 21, 2015","November 20, 2015"
Animal Gods,Puzzlesplatform,Still Games,Still Games,Unreleased,"April 6, 2017",Unreleased,Unreleased
Annihilation,Arcadefirst-person shooter,TreeFall Studios,TreeFall Studios,Unreleased,"August 31, 2017",Unreleased,"November 9, 2017"
Another World: 20th Anniversary Edition,Platformaction-adventure,Delphine Software International,Digital Lounge,"January 21, 2015","June 19, 2014",Unreleased,"June 19, 2014"
Aperion Cyberstorm,Twin-stick shooter,aPriori Digital,aPriori Digital,Unreleased,"February 8, 2018",Unreleased,"February 8, 2018"
Aqua Moto Racing Utopia,Simulation,Zordix,Zordix,Unreleased,"April 19, 2018","April 19, 2018","April 19, 2018"
Aqua TV,Lifestyle,Extra Miles Studio,Extra Miles Studio,Unreleased,"March 23, 2017",Unreleased,"November 17, 2016"
Arc Style: Baseball! SP,Sports,Arc System Works,Arc System Works,"September 18, 2013",Unreleased,Unreleased,Unreleased
Archery by Thornbury Software,Sports,Thornbury Software,Thornbury Software,Unreleased,"September 29, 2016",Unreleased,Unreleased
Ark Rush,platform,Nintendo,Nintendo,"June 24, 2015",Unreleased,Unreleased,Unreleased
Armikrog,Point-and-click adventure,Pencil Test Studios,Versus Evil,Unreleased,"August 18, 2016",Unreleased,"August 25, 2016"
Armillo,Puzzleplatform,Fuzzy Wuzzy Games,Fuzzy Wuzzy Games,"October 29, 2014","July 3, 2014",Unreleased,"July 3, 2014"
Armored Acorns: Action Squirrel Squad,Actionadventurearcadefighting,Nexcra Software,Nexcra,Unreleased,"March 23, 2017",Unreleased,"June 1, 2017"
Arrow Time U,Puzzle,XenoHorizon,XenoHorizon,Unreleased,"September 18, 2014",Unreleased,Unreleased
Art of Balance,Puzzlestrategy,Shin'en Multimedia,Shin'en Multimedia,"October 29, 2014","October 9, 2014","December 18, 2014","September 25, 2014"
Ascent of Kings,Action-adventureplatformer,Nostatic Software,Nostatic Software,Unreleased,"October 22, 2015",Unreleased,"December 17, 2015"
Asdivine Hearts,Role-playing,Kemco,Kemco,"January 13, 2016","April 14, 2016",Unreleased,"April 7, 2016"
Assassin's Creed III,Action-adventurestealth,Ubisoft MontrealUbisoft Quebec,Ubisoft,"December 8, 2012","November 18, 2012","November 30, 2012","November 30, 2012"
Assassin's Creed IV: Black Flag,Action-adventurestealth,Ubisoft MontrealUbisoft Quebec,Ubisoft,"November 28, 2013","October 29, 2013","November 21, 2013","November 22, 2013"
Asteroid Quarry,Action-adventure,Hero Work Games,Hero Work Games,Unreleased,"July 9, 2015",Unreleased,Unreleased
Astral Breakers,Puzzle,Intropy Games,Intropy Games,"March 23, 2016","August 6, 2015",Unreleased,Unreleased
Ava and Avior Save the Earth,Educationadventurepuzzle,2020 Venture,2020 Venture,Unreleased,"April 24, 2014",Unreleased,Unreleased
Avoider,Arcadestrategy,RCMADIAX,RCMADIAX,Unreleased,"January 7, 2016",Unreleased,Unreleased
Axiom Verge,Metroidvania,Tom Happ Games,Tom Happ Games,Unreleased,"September 1, 2016",Unreleased,"September 1, 2016"
Azure Snake,Arcade,RandomSpin,RandomSpin,Unreleased,"January 24, 2019",Unreleased,"January 10, 2019"
B3 Game Expo for Bees,Actionshooter,Famous Gamous,Famous Gamous,Unreleased,"June 2, 2016",Unreleased,"June 9, 2016"
Back to Bed,Puzzle,Bedtime Digital Games,Bedtime Digital Games,"March 29, 2017","February 16, 2017",Unreleased,"December 22, 2016"
Badland: Game of the Year Edition,Action,Frogmind,Frogmind,Unreleased,"July 30, 2015",Unreleased,"July 30, 2015"
Baila Latino,Musicfitnesslifestyle,O2 Games,O2 Games,Unreleased,"May 28, 2015",Unreleased,"May 21, 2015"
Ballpoint Universe: Infinite,Action-adventureshoot 'em up,Arachnid Games,JP: Unity GamesNA: Arachnid Games,"October 15, 2014","October 16, 2014",Unreleased,Unreleased
Barbie and her Sisters: Puppy Rescue,Action-adventure,Little Orbit,Little Orbit,Unreleased,"November 3, 2015",Unreleased,"November 19, 2015"
Barbie: Dreamhouse Party,Party,Torus Games,NA: Little OrbitEU: Namco Bandai Games,Unreleased,"November 19, 2013",Unreleased,"November 22, 2013"
Batman: Arkham City – Armored Edition,Action-adventure,Rocksteady StudiosWB Games Montréal,JP: Square EnixWW: Warner Bros. Interactive Entertainment,"December 8, 2012","November 18, 2012","November 30, 2012","November 30, 2012"
Batman: Arkham Origins,Action-adventure,WB Games Montréal,Warner Bros. Interactive Entertainment,"October 25, 2013","October 25, 2013","November 6, 2013","November 8, 2013"
Batman: Arkham Origins Blackgate – Deluxe Edition,Action-adventure,Armature Studio,Warner Bros. Interactive Entertainment,Unreleased,"April 1, 2014",Unreleased,"April 10, 2014"
Bayonetta,Actionhack and slash,Platinum Games,Nintendo,"September 20, 2014","October 24, 2014","October 25, 2014","October 24, 2014"
Bayonetta 2,Actionhack and slash,Platinum Games,Nintendo,"September 20, 2014","October 24, 2014","October 25, 2014","October 24, 2014"
Beatbuddy: Tale of the Guardians,Platformmusic,Threaks,Threaks,Unreleased,"September 24, 2015",Unreleased,"August 5, 2015"
The Beggar's Ride,Adventureplatformerpuzzle,Bad Seed,Bad Seed,Unreleased,"May 5, 2016",Unreleased,"March 31, 2016"
Ben 10: Omniverse,Beat 'em upfighting,Vicious Cycle Software,D3 Publisher,Unreleased,"November 18, 2012","November 30, 2012","November 30, 2012"
Ben 10: Omniverse 2,Beat 'em upfighting,High Voltage Software,D3 Publisher,Unreleased,"November 5, 2013","November 28, 2013","November 22, 2013"
Bigley's Revenge,Actionadventure,Ninja Pig Studios,Ninja Pig Studios,Unreleased,"January 7, 2016",Unreleased,Unreleased
The Binding of Isaac: Rebirth,Roguelike,Nicalis,Nicalis,"October 28, 2015","July 23, 2015","October 29, 2015","October 29, 2015"
Bird Mania Party,Party,Teyon,Teyon,"February 17, 2016","March 17, 2016",Unreleased,"March 10, 2016"
Bit Dungeon Plus,Actionadventure,KintoGames,KintoGames,"December 20, 2017","October 13, 2016",Unreleased,"July 5, 2016"
Bit.Trip Presents... Runner2: Future Legend of Rhythm Alien,Platform,Gaijin Games,Gaijin Games,"September 30, 2015","February 26, 2013","April 11, 2013","April 11, 2013"
Blackjack 21,Simulation,Skunk Software,Skunk Software,Unreleased,"June 23, 2016",Unreleased,Unreleased
Blasting Agent: Ultimate Edition,First-person shooteraction,Super Icon,Super Icon,Unreleased,"August 18, 2016",Unreleased,"August 18, 2016"
Blek,Puzzle,Kunabi Brother,Broken Rules Games,Unreleased,"February 12, 2015",Unreleased,"February 12, 2015"
Bloc,Actionadventure,Calvin ThamPerry Berkum,Cragworks,Unreleased,"July 28, 2016",Unreleased,"June 29, 2017"
Blockara,Puzzlesstrategy,Haunted Bees ProductionsSean Finch,Haunted Bees Productions,Unreleased,"April 21, 2016",Unreleased,Unreleased
Block Zombies!,Actionadventurefirst-person shooter,Nostatic Software,Nostatic Software,Unreleased,"May 25, 2017",Unreleased,"June 8, 2017"
Blocky Bot,Platform,Mobot Studios,Mobot Studios,Unreleased,"May 21, 2015",Unreleased,"July 23, 2015"
Blok Drop U,Puzzle,RCMADIAX,RCMADIAX,"June 29, 2016","March 6, 2014",Unreleased,"June 26, 2014"
Blok Drop X: Twisted Fusion,Puzzle,RCMADIAX,RCMADIAX,Unreleased,"December 18, 2014",Unreleased,"March 5, 2015"
Blue-Collar Astronaut,Simulationstrategy,Mutated Software,Mutated Software,Unreleased,"March 14, 2017",Unreleased,Unreleased
Bombing Bastards,Action,Sanuk Games,Sanuk Games,Unreleased,"July 3, 2014",Unreleased,"July 31, 2014"
The Book of Unwritten Tales 2,Actionadventure,King Art,Nordic Games,Unreleased,"June 7, 2016","September 22, 2016","June 7, 2016"
Booty Diver,Puzzle,Xavier Orion Games,Xavier Orion Games,Unreleased,"April 20, 2017",Unreleased,Unreleased
Box Up,Arcade,RCMADIAX,RCMADIAX,Unreleased,"July 13, 2017","July 20, 2017","July 20, 2017"
Brave Tank Hero,Action,Arc System Works,Natsume,Unreleased,"August 27, 2015",Unreleased,"September 24, 2015"
Breakout Defense,Puzzle,nuGame,nuGame,Unreleased,"December 15, 2016",Unreleased,"December 15, 2016"
Breakout Defense 2,Puzzle,nuGame,nuGame,Unreleased,"November 23, 2017",Unreleased,"January 11, 2018"
Breezeblox,Puzzle,Pugsley,Pugsley,Unreleased,"January 22, 2015",Unreleased,Unreleased
BrickBlast U!,Puzzle,Nexis Games,Nexis Games,Unreleased,"June 26, 2014",Unreleased,Unreleased
Brick Breaker,Arcadepuzzle,DrinkBox Studios,DrinkBox Studios,Unreleased,"September 15, 2016",Unreleased,"September 15, 2016"
Brick Race,Puzzles,RCMADIAX,RCMADIAX,Unreleased,"February 9, 2017","February 2, 2017","February 2, 2017"
The Bridge,Puzzleart,The Quantum Astrophysicists Guild,The Quantum Astrophysicists Guild,Unreleased,"August 20, 2015","August 20, 2015","August 20, 2015"
Bridge Constructor Playground,Puzzlesimulation,Joindots,Joindots,Unreleased,"December 8, 2016",Unreleased,"December 8, 2016"
Brunswick Pro Bowling,Sports,Alliance Digital Media,Alliance Digital Media,Unreleased,"January 21, 2016",Unreleased,Unreleased
Bubble Gum Popper,Puzzle,Skunk Software,Skunk Software,Unreleased,"April 2, 2015",Unreleased,Unreleased
Buddy & Me: Dream Edition,Endless runner,Sunbreak Games,Sunbreak Games,Unreleased,"July 21, 2016",Unreleased,"July 21, 2016"
Buta Medal,Puzzle,Nintendo,Nintendo,"July 22, 2014",Unreleased,Unreleased,Unreleased
Cabela's Big Game Hunter: Pro Hunts,First-person shooter,Cauldron,Activision,Unreleased,"March 25, 2014",Unreleased,Unreleased
Cabela's Dangerous Hunts 2013,First-person shooter,Cauldron,Activision,Unreleased,"December 4, 2012",Unreleased,"December 4, 2012"
Cake Ninja 3: The Legend Continues,Arcade,Cypronia,Cypronia,Unreleased,"December 18, 2014",Unreleased,"December 4, 2014"
Call of Duty: Black Ops II,First-person shooter,Treyarch,JP: Square EnixWW: Activision,"December 20, 2012","November 18, 2012","November 30, 2012","November 30, 2012"
Call of Duty: Ghosts,First-person shooter,Infinity WardTreyarch,JP: Square EnixWW: Activision,"November 14, 2013","November 5, 2013","November 5, 2013","November 5, 2013"
Call of Nightmare,Survival horror,Nightmare Games,RandomSpin,Unreleased,"December 6, 2018",Unreleased,Unreleased
Candy Hoarder,Puzzle,Nitrolic Games,Nitrolic Games,Unreleased,"March 9, 2017",Unreleased,"March 9, 2017"
Canvaleon,Platformstealth,OXiAB Game Studio,OXiAB Game Studio,Unreleased,"July 23, 2015",Unreleased,"July 23, 2015"
Captain Toad: Treasure Tracker,Platformpuzzle,Nintendo EAD,Nintendo,"November 13, 2014","December 5, 2014","January 3, 2015","January 2, 2015"
Cars 3: Driven to Win,Racing,Avalanche Software,Warner Bros. Interactive Entertainment,Unreleased,"June 13, 2017","June 14, 2017","July 14, 2017"
CastleStorm,Puzzlestrategy,Zen Studios,Zen Studios,Unreleased,"December 26, 2013","December 26, 2013","December 26, 2013"
The Cave,Platformpuzzleadventure,Double Fine Productions,Sega,"August 28, 2013","January 22, 2013","January 24, 2013","January 24, 2013"
Chariot,Puzzleplatform,Frima Studio,Frima Studio,"March 25, 2015","January 8, 2015","January 8, 2015","January 8, 2015"
ChariSou Ultra DX: Sekai Tour,Action,Spicysoft,Spicysoft,"August 5, 2015",Unreleased,Unreleased,"November 5, 2015"
Chasing Aurora,Actionmultiplayer,Broken Rules,Broken Rules,Unreleased,"November 18, 2012",Unreleased,"November 30, 2012"
Chasing Dead,First-person shooter,2020 Venture,2020 Venture,Unreleased,"March 3, 2016",Unreleased,"March 3, 2016"
Chests o' Booty,Puzzlestrategy,Wildmane Studios,Wildmane Studios,Unreleased,"October 16, 2014",Unreleased,Unreleased
Child of Light,Platformerrole-playing,Ubisoft Montreal,Ubisoft,"April 30, 2014","April 29, 2014","May 1, 2014","May 1, 2014"
Chimpuzzle Pro,Puzzle,CW-Games,CW-Games,Unreleased,Unreleased,Unreleased,"September 18, 2014"
Chompy Chomp Chomp Party,Party,Utopian World of Sandwiches,Utopian World of Sandwiches,Unreleased,"May 19, 2016",Unreleased,"March 31, 2016"
Christmas Adventure of Rocket Penguin,Action,Petite Games,Petite Games,Unreleased,"November 5, 2015",Unreleased,Unreleased
Chroma Blast,Arcade,WizByte Games,WizByte Games,Unreleased,"July 14, 2016",Unreleased,Unreleased
Chronicles of Teddy: Harmony of Exidus,Actionadventure,Aksys Games,LookAtMyGame,"February 14, 2018","March 31, 2016","April 8, 2016","April 7, 2016"
Chubbins,Platform,Dahku Creations,Dahku Creations,Unreleased,"June 5, 2014",Unreleased,Unreleased
Citadale: Gate of Souls,Actionadventurerole-playing,Nitrolic Games,Nitrolic Games,Unreleased,"November 24, 2016",Unreleased,"August 18, 2016"
Citadale: The Legends Trilogy,Actionadventurerole-playingstrategy,Nitrolic Games,Nitrolic Games,Unreleased,"May 4, 2017",Unreleased,"May 4, 2017"
Citizens of Earth,Role-playing,Eden Industries,Atlus,Unreleased,"January 22, 2015",Unreleased,"January 22, 2015"
Cloudberry Kingdom,Platform,Pwnee Studios,Ubisoft,"March 26, 2014","August 1, 2013",Unreleased,"August 1, 2013"
Coaster Crazy Deluxe,Simulation,Frontier Developments,Frontier Developments,Unreleased,"November 21, 2013",Unreleased,"November 21, 2013"
Cocoto Magic Circus 2,First-person shooter,Neko Entertainment,JP: Rainy FrogWW: Bigben Interactive,"July 2, 2014","January 9, 2014",Unreleased,"December 26, 2013"
Collateral Thinking,Actionadventure,Astrosaurus Games,Astrosaurus Games,Unreleased,"August 18, 2016",Unreleased,"August 18, 2016"
Color Bombs,Action,RCMADIAX,RCMADIAX,Unreleased,"October 22, 2015","April 14, 2016","April 14, 2016"
Color Cubes,Puzzle,RCMADIAX,RCMADIAX,Unreleased,"February 16, 2017","February 2, 2017","February 2, 2017"
Color Symphony 2,Actionadventure,Remimory,Remimory,Unreleased,"May 12, 2016",Unreleased,"May 12, 2016"
Color Zen,Puzzle,Cypronia,Cypronia,Unreleased,"May 15, 2014",Unreleased,"May 22, 2014"
Color Zen Kids,Puzzle,Cypronia,Cypronia,Unreleased,"June 19, 2014",Unreleased,"June 19, 2014"
Coqui The Game,Actionadventure,Alberto Roman,Team One,Unreleased,"June 1, 2017",Unreleased,Unreleased
Cosmophony,Rhythm,Bento Studios,Moving Player,Unreleased,"October 30, 2014",Unreleased,"October 30, 2014"
Costume Quest 2,Adventurerole-playing,Double Fine Productions,Midnight City,Unreleased,"October 31, 2014","October 31, 2014","October 31, 2014"
Crab Cakes Rescue,Puzzle,Mission Critical Studios,Maximum Games,Unreleased,"August 20, 2015",Unreleased,Unreleased
The Croods: Prehistoric Party!,Party,Torus Games,D3 Publisher,Unreleased,"March 19, 2013","April 11, 2013","March 19, 2013"
Crush Insects,Arcade,"38,9_Degrees",RandomSpin,Unreleased,"November 22, 2018",Unreleased,Unreleased
Crystorld,Actionpuzzle,Toyuro,Toyuro,Unreleased,"March 12, 2020",Unreleased,Unreleased
Cube Blitz,Puzzle,Wildcard Studios,Wildcard Studios,Unreleased,"June 4, 2015",Unreleased,Unreleased
Cube Life: Island Survival,Sandbox,Cypronia,Cypronia,"February 3, 2016","June 4, 2015",Unreleased,"June 25, 2015"
Cube Life: Pixel Action Heroes,First-person shooteraction,Cypronia,Cypronia,"August 9, 2017","March 30, 2017",Unreleased,"March 30, 2017"
Cubemen 2,Real-time strategytower defense,3 Sprockets,Nnooo,Unreleased,"September 4, 2014","September 4, 2014","September 4, 2014"
Cubeshift,Arcadepuzzles,Jace Voracek,Jace Voracek,Unreleased,"July 27, 2017",Unreleased,Unreleased
Cubit The Hardcore Platformer Robot HD,Actionarcadeplatformer,CoderChild,CoderChild,Unreleased,"June 8, 2017",Unreleased,"June 8, 2017"
Cup Critters,Puzzlestrategy,RCMADIAX,JP: CosenWW: RCMADIAX,"April 12, 2017","January 5, 2017","January 5, 2017","January 5, 2017"
Cutie Clash,Actionadventure,Yazar Media Group,Yazar Media Group,Unreleased,"February 11, 2016",Unreleased,Unreleased
Cutie Pets Go Fishing,Puzzlestrategy,Yazar Media Group,Yazar Media Group,Unreleased,"February 11, 2016",Unreleased,Unreleased
Cutie Pets Jump Rope,Sports,Yazar Media Group,Yazar Media Group,Unreleased,"November 26, 2015",Unreleased,Unreleased
Cutie Pets Pick Berries,Puzzle,Yazar Media Group,Yazar Media Group,Unreleased,"October 22, 2015",Unreleased,Unreleased
Cycle of Eternity: Space Anomaly,Turn-based strategy,RandomSpin,RandomSpin,Unreleased,"May 24, 2018",Unreleased,"May 10, 2018"
D.M.L.C. Death Match Love Comedy,Dating sim,Kemco,Kemco,"April 9, 2014",Unreleased,Unreleased,Unreleased
Daikon Set,Actionarcadestrategy,Butterfly,Batafurai,Unreleased,"June 22, 2017",Unreleased,Unreleased
Dare Up Adrenaline,Sports,Be Studios,Be Studios,Unreleased,"July 9, 2015",Unreleased,Unreleased
Darksiders II,Action role-playinghack and slash,Vigil Games,THQ,Unreleased,"November 18, 2012","November 30, 2012","November 30, 2012"
Darksiders: Warmastered Edition,Action role-playinghack and slash,Nordic Games,Nordic Games,Unreleased,"May 23, 2017","May 23, 2017","May 23, 2017"
Darts Up,Sports,EnjoyUp Games,EnjoyUp Games,"September 30, 2015","September 25, 2014",Unreleased,"September 18, 2014"
A Day at the Carnival,Party,Thornbury Software,Thornbury Software,Unreleased,"July 6, 2017",Unreleased,Unreleased
The Deer God,Platform,Crescent Moon Games,Mobot Studios,Unreleased,"April 28, 2016",Unreleased,Unreleased
Defend Your Crypt,Strategy,Ratalaika Games,Ratalaika Games,Unreleased,"July 21, 2016",Unreleased,"July 21, 2016"
Defense Dome,Action,HullBreach Studios,HullBreach Studios,Unreleased,"September 17, 2015",Unreleased,"February 25, 2016"
Demonic Karma Summoner,Adventure,Gnob Software,Gnob Software,Unreleased,"October 27, 2016",Unreleased,Unreleased
Deus Ex: Human Revolution – Director's Cut,Action role-playingfirst-person shooterstealth,Eidos Montréal,Square Enix,Unreleased,"October 22, 2013","October 24, 2013","October 25, 2013"
Devil's Third,First-person shooterhack and slash,Valhalla Game StudiosNintendo SPD,Nintendo,"August 4, 2015","December 11, 2015","August 29, 2015","August 28, 2015"
Dinox,Edutainment,Engine Software,Engine Software,Unreleased,"December 10, 2015",Unreleased,"December 10, 2015"
Discovery,Actionadventure,Noowanda,Noowanda,"August 31, 2016","January 7, 2016",Unreleased,"February 11, 2016"
Disney Epic Mickey 2: The Power of Two,Platform,Junction Point StudiosBlitz Games StudiosHeavy Iron Studios,JP: Spike ChunsoftWW: Disney Interactive Studios,"September 26, 2013","November 18, 2012","December 13, 2012","November 30, 2012"
Disney Infinity,Action-adventure,Avalanche SoftwareHeavy Iron Studios,JP: Bandai Namco GamesWW: Disney Interactive Studios,"November 28, 2013","August 18, 2013","August 22, 2013","August 23, 2013"
Disney Infinity 3.0,Action-adventure,Avalanche Software,Disney Interactive Studios,"November 12, 2015","August 30, 2015","September 3, 2015","August 28, 2015"
Disney Infinity: Marvel Super Heroes,Action-adventure,Avalanche Software,Disney Interactive Studios,Unreleased,"September 23, 2014","September 18, 2014","September 18, 2014"
Disney Planes,Actionadventure,Behaviour Interactive,Disney Interactive Studios,Unreleased,"August 6, 2013","September 5, 2013","August 16, 2013"
Disney Planes: Fire & Rescue,Action,Little Orbit,Disney Interactive Studios,Unreleased,"November 4, 2014",Unreleased,"November 7, 2014"
Disney's DuckTales: Remastered,Platform,WayForward Technologies,Capcom,Unreleased,"August 13, 2013","August 15, 2013","August 15, 2013"
Dodge Club Party,Party,James MontagnaGeorge Mathews,James Montagna,Unreleased,"April 14, 2016",Unreleased,Unreleased
DokiDoki Tegami Relay,Party,Nintendo,Nintendo,"June 24, 2015",Unreleased,Unreleased,Unreleased
Dolphin Up,Sportsracing,Rawkins Games,Rawkins Games,Unreleased,"February 5, 2015",Unreleased,Unreleased
Don't Crash,Racing,RCMADIAX,RCMADIAX,Unreleased,"July 9, 2015",Unreleased,Unreleased
Don't Starve: Giant Edition,Action-adventuresurvival horror,Klei Entertainment,Klei Entertainment,Unreleased,"May 28, 2015",Unreleased,"June 4, 2015"
Don't Touch Anything Red,Party,Helix Games,Helix Games,Unreleased,"March 12, 2015",Unreleased,Unreleased
Donkey Kong Country: Tropical Freeze,Platform,Retro Studios,Nintendo,"February 13, 2014","February 21, 2014","February 22, 2014","February 21, 2014"
Dot Arcade,Arcade,James Montagna,James Montagna,Unreleased,"March 26, 2015",Unreleased,Unreleased
Double Breakout,Action,DrinkBox Studios,DrinkBox Studios,Unreleased,"September 22, 2016",Unreleased,"September 22, 2016"
Double Breakout II,Action,nuGAME,nuGAME,Unreleased,"March 16, 2017",Unreleased,"March 16, 2017"
Dr. Luigi,Puzzle,ArikaNintendo SPD,Nintendo,"January 15, 2014","December 31, 2013","January 15, 2014","January 15, 2014"
Dracula's Legacy,Adventurepuzzle,Joindots,Joindots,Unreleased,"July 28, 2016",Unreleased,"July 14, 2016"
Dragon Fantasy: The Black Tome of Ice,Role-playing,The Muteki Corporation,Choice Provisions,Unreleased,"May 26, 2016",Unreleased,Unreleased
Dragon Fantasy: The Volumes of Westeria,Role-playing,The Muteki Corporation,Choice Provisions,Unreleased,"July 23, 2015",Unreleased,Unreleased
Dragon Quest X: 5000-nen no Harukanaru Kokyou e Online,Massively multiplayer online role-playing game,Square EnixArmor Project,Square Enix,"November 16, 2017",Unreleased,Unreleased,Unreleased
Dragon Quest X: Inishie no Ryuu no Denshou Online,Massively multiplayer online role-playing game,Square EnixArmor Project,Square Enix,"April 30, 2015",Unreleased,Unreleased,Unreleased
Dragon Quest X: Mezameshi Itsutsu no Shuzoku Online,Massively multiplayer online role-playing game,Square EnixArmor Project,Square Enix,"March 30, 2013",Unreleased,Unreleased,Unreleased
Dragon Quest X: Nemureru Yūsha to Michibiki no Meiyū Online,Massively multiplayer online role-playing game,Square EnixArmor Project,Square Enix,"December 5, 2013",Unreleased,Unreleased,Unreleased
Dragon Skills,Arcade,Joindots,Joindots,Unreleased,"August 4, 2016",Unreleased,"July 28, 2016"
Draw 2 Survive,Puzzlestrategy,Unit DTH StudiosChristian Sanders,Unit DTH Studios,Unreleased,"April 14, 2016",Unreleased,Unreleased
Draw a Stickman: Epic 2,Adventurepuzzles,Hitcents,Hitcents,Unreleased,"November 30, 2017",Unreleased,"February 8, 2018"
A Drawing's Journey,Adventurepuzzle,nuGAME,nuGAME,Unreleased,Unreleased,Unreleased,"June 1, 2017"
Dream Pinball 3D II,Pinball,ASK Homework,TopWare Interactive,Unreleased,Unreleased,Unreleased,"February 15, 2013"
Dreamals,Arcadeplatformerpuzzle,Xiness,Xiness,Unreleased,"April 21, 2016",Unreleased,"March 10, 2016"
Dreamals: Dream Quest,Platformerpuzzle,Xiness,Xiness,Unreleased,"September 29, 2016",Unreleased,"September 22, 2016"
Dreii,Puzzle,Etter Studio,Bitforge,Unreleased,Unreleased,Unreleased,"April 15, 2016"
Drop It: Block Paradise!,Puzzle,ZeNfA Productions,ZeNfA Productions,Unreleased,"December 25, 2019","June 22, 2017","June 22, 2017"
Dual Core,Actionadventure,Gray Fin Studios,Gray Fin Studios,Unreleased,"May 26, 2016",Unreleased,"June 24, 2016"
Dungeons & Dragons: Chronicles of Mystara,Beat 'em upaction role-playing,Iron Galaxy Studios,Capcom,Unreleased,"August 22, 2013","August 22, 2013","August 22, 2013"
Dungeon Hearts DX,Role-playingpuzzlestrategy,Wolfgame,Wolfgame,Unreleased,"November 10, 2016",Unreleased,Unreleased
Dying is Dangerous,Action,CarbonFire Studio,CarbonFire Studio,Unreleased,"May 14, 2020",Unreleased,"January 16, 2020"
Earthlock: Festival of Magic,Role-playing,Snowcastle Games,Snowcastle Games,Unreleased,"September 14, 2017",Unreleased,"September 7, 2017"
Eba & Egg: A Hatch Trip,Actionadventurearcadeplatformer,Agile Drill Games,Daniel Morais,Unreleased,"July 20, 2017",Unreleased,"October 12, 2017"
Ectoplaza,Actionparty,Syndicate Atomic,CollectorVision,Unreleased,"October 27, 2016",Unreleased,Unreleased
Edge,Puzzle,MobigameTwo Tribes,Two Tribes,"November 21, 2013","November 21, 2013","November 21, 2013","November 21, 2013"
Educational Pack of Kids Games,Simulation,Skunk Software,Skunk Software,Unreleased,"June 23, 2016",Unreleased,Unreleased
Electronic Super Joy,Platform,Michael Todd,Michael Todd,Unreleased,"November 5, 2015",Unreleased,"November 5, 2015"
Electronic Super Joy: Groove City,Platform,Yazar Media Group,Yazar Media Group,Unreleased,"January 15, 2015",Unreleased,Unreleased
Elliot Quest,Action-adventurerole-playing,PlayEveryWare,Anzimuz Games,"March 23, 2015","March 19, 2015","April 8, 2015","April 16, 2015"
El Silla: Arcade Edition,Arcade,MarkAnime,MarkAnime,Unreleased,"April 15, 2019",Unreleased,"January 18, 2019"
Emojikara: A Clever Emoji Match Game,Puzzlestrategy,Intropy Games,Intropy Games,Unreleased,"April 7, 2016",Unreleased,Unreleased
Endless Golf,Sports,Fanttum Games,Fanttum Games,Unreleased,"July 30, 2015",Unreleased,Unreleased
Epic Dumpster Bear,Adventureplatformer,Log Games,Log Games,Unreleased,"April 7, 2016","April 7, 2016","April 7, 2016"
Escape from Flare Industries,Actionpuzzle platformer,Helix Games,Helix Games,Unreleased,"May 5, 2016",Unreleased,Unreleased
ESPN Sports Connection,Sports,Ubisoft BarcelonaLongtail Studios,Ubisoft,"December 20, 2012","November 18, 2012","November 30, 2012","November 30, 2012"
Evofish,Party,Moving Player,Moving Player,Unreleased,"April 3, 2014",Unreleased,"February 27, 2014"
Exile's End,Platform,Magnetic Realms,Xseed Games,Unreleased,"November 22, 2016",Unreleased,"November 24, 2016"
Explody Bomb,Action,Alkterios Games,Alkterios Games,Unreleased,"September 10, 2015",Unreleased,Unreleased
Extreme Exorcism,Actionplatform,Golden Ruby Games,Ripstone,Unreleased,"September 23, 2015",Unreleased,"September 23, 2015"
F1 Race Stars: Powered Up Edition,Racing,Codemasters Birmingham,Codemasters,"June 27, 2013","January 16, 2014",Unreleased,"January 16, 2014"
Factotum,Puzzle,Tacs Games,Tacs Games,Unreleased,"August 20, 2015",Unreleased,Unreleased
Fake Colors,Puzzle,Forthright Entertainment,Forthright Entertainment,"December 20, 2012","December 4, 2012",Unreleased,"November 30, 2012"
The Fall,Action-adventureplatform,Over the Moon,Over the Moon,Unreleased,"August 26, 2014","August 26, 2014","August 26, 2014"
Falling Skies: The Game,Tactical role-playing,Little Orbit,Little Orbit,Unreleased,"October 30, 2014",Unreleased,"October 30, 2014"
Family Party: 30 Great Games Obstacle Arcade,Party,"Art Co., Ltd",D3 Publisher,"December 20, 2012","December 4, 2012","November 30, 2012","November 30, 2012"
Family Tennis SP,Sports,Arc System Works,Shin'en Multimedia,Unreleased,"January 15, 2015",Unreleased,"January 15, 2015"
Fast & Furious: Showdown,Racing,Firebrand Games,Activision,Unreleased,"May 21, 2013","May 22, 2013","May 24, 2013"
Fast Racing Neo,Racing,Shin'en Multimedia,Shin'en Multimedia,"December 22, 2015","December 10, 2015","December 10, 2015","December 10, 2015"
Fat City,Actionpuzzle,Heavy Iron Studios,Heavy Iron Studios,Unreleased,"June 18, 2015",Unreleased,Unreleased
Fat Dragons,Platformer,Nostatic Software,Nostatic Software,Unreleased,"February 22, 2018",Unreleased,"February 15, 2018"
Fatal Frame: Maiden of Black Water,Survival horror,Tecmo KoeiNintendo SPD,Nintendo,"September 27, 2014","October 22, 2015","October 31, 2015","October 30, 2015"
FIFA 13,Sports,EA Canada,Electronic Arts,"December 8, 2012","November 18, 2012","November 30, 2012","November 30, 2012"
Fifteen,Arcadepuzzlesstrategy,RCMADIAX,RCMADIAX,Unreleased,"May 4, 2017","May 4, 2017","May 4, 2017"
Finding Teddy II,Actionadventureplatformer,Storybird Games,PixelHeart,Unreleased,Unreleased,Unreleased,"April 17, 2020"
Fire: Ungh's Quest,Arcade,Daedalic Entertainment,Daedalic Entertainment,Unreleased,Unreleased,Unreleased,"October 20, 2016"
Fist of the North Star: Ken's Rage 2,Beat 'em up,Koei,Tecmo Koei,"January 31, 2013","February 7, 2013",Unreleased,"February 7, 2013"
Fit Music for Wii U,Fitness,Reward Studios,O2 Games,Unreleased,"May 22, 2014",Unreleased,"May 15, 2014"
Flapp & Zegeta,Arcade,Denysoft,Denysoft,Unreleased,"November 6, 2014",Unreleased,Unreleased
Flight of Light,Rhythm,Crystalline Green,Crystalline Green,Unreleased,"August 3, 2017",Unreleased,"August 3, 2017"
Flowerworks HD: Follie's Adventure,Action,Nocturnal Entertainment,Nocturnal Entertainment,Unreleased,"April 17, 2014",Unreleased,"July 3, 2014"
Forced,Role-playing,BetaDwarf,BetaDwarf,Unreleased,"October 24, 2013","October 24, 2013","October 24, 2013"
Forest Escape,Arcade,RandomSpin,RandomSpin,Unreleased,"August 2, 2018",Unreleased,"August 2, 2018"
Forma.8,Platform-adventure,MixedBag,MixedBag,Unreleased,"February 23, 2017",Unreleased,"February 23, 2017"
Frag doch mal...die Maus!,Arcade,Application Systems Heidelberg,ASHGAMES,Unreleased,Unreleased,Unreleased,"December 1, 2016"
Frankenstein: Master of Death,Adventurepuzzle,Joindots,Joindots,Unreleased,Unreleased,Unreleased,"August 11, 2016"
Frederic: Resurrection of Music,Music,Forever Entertainment,Forever Entertainment,Unreleased,"July 31, 2014",Unreleased,Unreleased
Free Balling,Actionpuzzlesstrategy,Skunk Software,Skunk Software,Unreleased,"September 1, 2016",Unreleased,Unreleased
Freedom Planet,Platform-adventure,GalaxyTrail,GalaxyTrail,July 2014,"July 21, 2014",Unreleased,"October 29, 2015"
FreezeME,Platform,Rainy Night Creations,Rainy Night Creations,"July 6, 2016","February 4, 2016","April 1, 2016","March 31, 2016"
Frenchy Bird,Actionarcade,Carbon Fire Studio,Carbon Fire Studio,Unreleased,"January 29, 2015",Unreleased,"February 5, 2015"
Fujiko F. Fujio Characters: Daishuugou! SF Dotabata Party!,Party,Bandai Namco,Bandai Namco,"November 20, 2014",Unreleased,Unreleased,Unreleased
FullBlast,Twin-stick shooter,UFO Crash Games,EnjoyUp Games,"November 25, 2015","August 27, 2015",Unreleased,"June 4, 2015"
Funk of Titans,Action platformer,A Crowd of Monsters,EnjoyUp Games,Unreleased,"May 14, 2015",Unreleased,"July 9, 2015"
Funky Barn: It's Farming,Simulation,Tantalus Media,505 Games,Unreleased,"November 18, 2012","November 30, 2012","November 30, 2012"
Funky Physics,Physics,Petite Games,Petite Games,Unreleased,"September 10, 2015",Unreleased,Unreleased
Futuridium EP Deluxe,Shoot 'em up,Mixed Bag,Mixed Bag,Unreleased,"May 26, 2016",Unreleased,"May 26, 2016"
Gaiabreaker,Shoot 'em up,AQ Interactive,Ubiquitous Entertainment,"December 25, 2013","August 14, 2014","July 17, 2014","July 17, 2014"
Galaxy Blaster,Puzzle,RCMADIAX,RCMADIAX,Unreleased,"July 20, 2017","July 27, 2017","July 27, 2017"
Game & Wario,Party,Intelligent SystemsNintendo SPD,Nintendo,"March 28, 2013","June 23, 2013","June 29, 2013","June 28, 2013"
Game Party Champions,Party,Phosphor,Warner Bros. Interactive Entertainment,Unreleased,"November 18, 2012","November 30, 2012","November 30, 2012"
Games for Toddlers,Edutainment,Skunk Software,Chris McFarland,Unreleased,"September 1, 2016",Unreleased,Unreleased
Gear Gauntlet,Actionadventure,Drop Dead Interactive,Crystalline Green,Unreleased,"September 15, 2016",Unreleased,"September 15, 2016"
The Gem Collector,Actionadventure,TreeFall Studios,TreeFall Studios,Unreleased,"September 8, 2016",Unreleased,"September 7, 2017"
Gemology,Strategypuzzle,BNC Design Studios,BNC Design Studios,Unreleased,"October 1, 2015",Unreleased,Unreleased
Geom,Puzzle,Pablo R. Millan,Andraconus,Unreleased,"June 19, 2014",Unreleased,Unreleased
GetClose: A game for Rivals,Party,Wombat Source,Wombat Source,Unreleased,"November 27, 2014",Unreleased,Unreleased
Ghost Blade HD,Action,Hucast,2Dream,Unreleased,"February 28, 2017",Unreleased,"February 28, 2017"
Giana Sisters: Twisted Dreams,Platformpuzzle,Black Forest Games,Black Forest Games,"March 18, 2015","September 5, 2013","August 22, 2013","August 22, 2013"
Giana Sisters: Twisted Dreams – Owltimate Edition,Platformpuzzle,Black Forest Games,Black Forest Games,Unreleased,"September 28, 2018",Unreleased,Unreleased
Ginsei Shogi: Kyoutendotou Fuuraijin,Board game,SilverStar,SilverStar,"February 25, 2016",Unreleased,Unreleased,Unreleased
The Girl and the Robot,Actionadventurepuzzlesrole-playing,Flying Carpets,JP: Cross FuctionWW: Flying Carpets,"September 13, 2017","May 25, 2017",Unreleased,"June 22, 2017"
Girls Like Robots,Puzzle,Popcannibal,Unity Games Japan,"July 29, 2015","November 12, 2015",Unreleased,Unreleased
Gotouchi Tetsudou: Gotouchi Kyara to Nihon Zenkoku no Tabi,Board game,Bandai Namco,Bandai Namco,"November 27, 2014",Unreleased,Unreleased,Unreleased
GravBlocks+,Puzzle,From Nothing Game Studios,From Nothing Game Studios,Unreleased,"February 26, 2015",Unreleased,Unreleased
Gravity+,Puzzle,Nitrolic Games,Nitrolic Games,Unreleased,"November 3, 2016",Unreleased,"November 3, 2016"
Gravity Badgers,Actionarcadepuzzle,Wales Interactive,Wales Interactive,Unreleased,"May 29, 2014",Unreleased,"May 29, 2014"
The Great Race,Racing,Burn House Effects,Burn House Effects,"June 1, 2016",Unreleased,Unreleased,Unreleased
Grumpy Reaper,Arcade,EnjoyUp Games,EnjoyUp Games,"August 24, 2016","March 10, 2016",Unreleased,"March 3, 2016"
Guac' a Mole,Actionpuzzlearcade,Madskull Creations,Madskull Creations,Unreleased,Unreleased,Unreleased,"April 9, 2015"
Guacamelee!: Super Turbo Championship Edition,Platformbeat 'em up,DrinkBox Studios,DrinkBox StudiosBroken Rules,Unreleased,"July 2, 2014","July 2, 2014","July 2, 2014"
Guitar Hero Live,Rhythm,FreeStyleGames,Activision,Unreleased,"October 20, 2015","October 20, 2015","October 23, 2015"
Gunman Clive HD Collection,Actionside-scrolling,Hörberg Productions,Hörberg ProductionsFlyhigh Works,"October 28, 2015","September 3, 2015","September 3, 2015","September 3, 2015"
Hello Kitty Kruisers,Racing,Scarab Entertainment,Bergsala Lightweight,Unreleased,"March 21, 2014","July 31, 2015","November 6, 2015"
Heptrix,Puzzle,José Varela,José Varela,Unreleased,"November 27, 2014",Unreleased,Unreleased
High Strangeness,Action-adventure,Barnyard Intelligence Games,Midnight City,Unreleased,"May 6, 2015",Unreleased,"May 28, 2015"
Hive Jump,Platformshooter,Graphite Lab,Black Lantern Studios,Unreleased,"September 28, 2017",Unreleased,Unreleased
Hold Your Fire: A Game About Responsibility,Shoot 'em up,Alkterios Games,Alkterios Games,Unreleased,"September 24, 2015",Unreleased,Unreleased
Horror Stories,Arcadepuzzle,RandomSpin,Vadim Gafton,Unreleased,"July 4, 2019",Unreleased,"July 4, 2019"
Hot Rod Racer,Racing,ZeNfA Productions,ZeNfA Productions,Unreleased,"July 21, 2016","July 21, 2016","July 21, 2016"
Hot Wheels World's Best Driver,Racing,Firebrand Games,Warner Bros. Interactive EntertainmentMattel Games,Unreleased,"September 17, 2013","October 2, 2013","September 27, 2013"
How to Survive,Action role-playingsurvival horror,EKO Software,505 Games,Unreleased,"June 19, 2014",Unreleased,"June 5, 2014"
How to Train Your Dragon 2,Action-adventure,Torus Games,Little Orbit,Unreleased,"June 10, 2014",Unreleased,"June 12, 2014"
Human Resource Machine,Puzzle,Tomorrow Corporation,Tomorrow Corporation,Unreleased,"October 29, 2015",Unreleased,"December 3, 2015"
Humanitarian Helicopter,Actionadventure,Peaceful Games,Peaceful Games,Unreleased,"July 21, 2016",Unreleased,Unreleased
Hunter's Trophy 2 Europa,First-person shooter,Kylotonn,Neko Entertainment,"June 1, 2016",Unreleased,Unreleased,"October 25, 2013"
HurryUp! Bird Hunter,Action,Joindots,Joindots,Unreleased,"October 6, 2016",Unreleased,"July 14, 2016"
Hyrule Warriors,Actionhack and slash,Omega ForceTeam NinjaNintendo SPD,JP: Tecmo KoeiWW: Nintendo,"August 14, 2014","September 26, 2014","September 20, 2014","September 19, 2014"
I C Redd,Arcadepuzzlesstrategy,RCMADIAX,RCMADIAX,Unreleased,"February 2, 2017","February 6, 2017","February 16, 2017"
I've Got to Run!,Platform,4 Corner Games,4 Corner Games,Unreleased,"June 5, 2014",Unreleased,Unreleased
Ice Cream Surfer,Actionshoot 'em up,Dolores Entertainment,Dolores Entertainment,Unreleased,"September 4, 2014",Unreleased,"July 31, 2014"
Infinity Runner,Platform,Wales Interactive,Wales Interactive,Unreleased,"March 15, 2016",Unreleased,"March 24, 2016"
Injustice: Gods Among Us,Fighting,NetherRealm Studios,Warner Bros. Interactive Entertainment,"June 27, 2013","April 16, 2013","April 24, 2013","April 26, 2013"
Insect Planet TD,Strategy,RandomSpin,RandomSpin,Unreleased,"October 25, 2018",Unreleased,"November 22, 2018"
Inside My Radio,Actionadventure,Seaven Studio,Seaven Studio,Unreleased,"February 25, 2016",Unreleased,"February 25, 2016"
Internal Invasion,Puzzlestrategy,Bear Box Media,Bear Box Media,Unreleased,"July 3, 2014",Unreleased,Unreleased
Invanoid,Puzzlestrategy,RCMADIAX,RCMADIAX,Unreleased,"June 30, 2016",Unreleased,Unreleased
IQ Test,Puzzlesstrategy,Jordan Schuetz,Ninja Pig Studios,Unreleased,"July 31, 2014",Unreleased,Unreleased
Island Flight Simulator,Actionadventure,Caipirinha GamesSilent FutureJoindots,Joindots,Unreleased,"December 17, 2015",Unreleased,"December 17, 2015"
Ittle Dew,Action-adventure,Ludosity,Ludosity,"October 14, 2015","May 29, 2014",Unreleased,"November 27, 2014"
Jackpot 777,Puzzlestrategy,RCMADIAX,RCMADIAX,Unreleased,"July 14, 2016","July 14, 2016","July 14, 2016"
Jeopardy!,Trivia,Pipeworks Software,THQ,Unreleased,"December 14, 2012",Unreleased,Unreleased
Jett Tailfin,Racing,Hoplite ResearchIlusis Interactive Graphics,HR Games,Unreleased,"August 7, 2014",Unreleased,"October 30, 2014"
Jewel Quest,Puzzlestrategy,PlayEveryWare,iWin,Unreleased,"March 10, 2016",Unreleased,"July 21, 2016"
Jikan Satansa,Puzzle,Nintendo,Nintendo,"June 24, 2015",Unreleased,Unreleased,Unreleased
Job the Leprechaun,Platform,Herrero Games,Herrero Games,Unreleased,"September 24, 2015",Unreleased,"December 17, 2015"
Joe's Diner,Actionadventure,VIS GamesSilent FutureJoindots,Joindots,Unreleased,"January 28, 2016",Unreleased,"February 4, 2016"
Jolt Family Robot Racer,Racing,Cooply,Cooply Solutions,Unreleased,"January 11, 2018",Unreleased,"January 11, 2018"
Jones on Fire,Actionadventure,Glass Bottom GamesSilent FutureJoindots,Joindots,Unreleased,"December 10, 2015",Unreleased,"February 11, 2016"
Jotun: Valhalla Edition,Actionexploration,Thunder Lotus Games,Thunder Lotus Games,Unreleased,"September 8, 2016","September 8, 2016","September 8, 2016"
Journey of a Special Average Balloon,Action,TreeFall Studios,TreeFall Studios,Unreleased,"May 21, 2015",Unreleased,Unreleased
Just Dance 4,Rhythm,Ubisoft MilanUbisoft ParisUbisoft ReflectionsUbisoft BucharestUbisoft Pune,Ubisoft,Unreleased,"November 18, 2012","November 30, 2012","November 30, 2012"
Just Dance 2014,Rhythm,Ubisoft ParisUbisoft MilanUbisoft ReflectionsUbisoft BucharestUbisoft PuneUbisoft MontpellierUbisoft Barcelona,Ubisoft,Unreleased,"October 9, 2013","October 1, 2013","October 2, 2013"
Just Dance 2015,Rhythm,Ubisoft ParisUbisoft MilanUbisoft ReflectionsUbisoft PuneUbisoft Romania,Ubisoft,Unreleased,"October 21, 2014","October 24, 2014","October 23, 2014"
Just Dance 2016,Rhythm,Ubisoft ParisUbisoft MilanUbisoft Pune,Ubisoft,Unreleased,"October 20, 2015","October 22, 2015","October 23, 2015"
Just Dance 2017,Rhythm,Ubisoft ParisUbisoft Pune,Ubisoft,Unreleased,"October 25, 2016","October 29, 2016","October 28, 2016"
Just Dance 2018,Rhythm,Ubisoft ParisUbisoft PuneUbisoft ShanghaiUbisoft BucharestUbisoft Montreal,Ubisoft,Unreleased,"October 24, 2017","October 26, 2017","October 27, 2017"
Just Dance 2019,Rhythm,Ubisoft ParisUbisoft PuneUbisoft Shanghai,Ubisoft,Unreleased,"October 23, 2018","October 25, 2018","October 26, 2018"
Just Dance: Disney Party 2,Musicrhythmdance,Land Ho!,Ubisoft,Unreleased,"October 20, 2015","October 22, 2015","October 23, 2015"
Just Dance Kids 2014,Musicrhythm,Land Ho!,Ubisoft,Unreleased,"October 22, 2013","October 24, 2013","October 25, 2013"
Just Dance Wii U,Rhythm,Ubisoft MilanUbisoft Paris,Nintendo,"April 3, 2014",Unreleased,Unreleased,Unreleased
Kamen Rider: Battride War II,Action role-playinghack and slash,Eighting,Bandai Namco Games,"June 26, 2014",Unreleased,Unreleased,Unreleased
Kamen Rider: SummonRide,Action role-playinghack and slash,Eighting,Bandai Namco Games,"December 8, 2014",Unreleased,Unreleased,Unreleased
Kemono Dash,Racing,Rocket Studio,Rocket Studio,"December 17, 2014",Unreleased,Unreleased,Unreleased
Kick & Fennick,Platformer,Abstraction Games,Abstraction Games,Unreleased,"July 2, 2016","July 2, 2016","July 2, 2016"
KickBeat: Special Edition,Musicrhythm,Zen Studios,Zen Studios,Unreleased,"September 16, 2014","September 16, 2014","September 16, 2014"
Kirby and the Rainbow Curse,Platformer,HAL LaboratoryNintendo SPD,Nintendo,"January 22, 2015","February 20, 2015","May 9, 2015","May 8, 2015"
Koi DX,Puzzleadventure,Dotoyou Technology,Circle Entertainment,Unreleased,"January 19, 2017",Unreleased,"February 2, 2017"
Knytt Underground,Adventure,Nifflas' GamesMP2 Games,JP: Flyhigh WorksWW: Ripstone,"August 20, 2014","December 19, 2013",Unreleased,"December 19, 2013"
Kung Fu Fight!,Endless runner,Nostatic Software,Nostatic Software,Unreleased,"August 6, 2015",Unreleased,"December 24, 2015"
Kung Fu Panda: Showdown of Legendary Legends,Fighting,Vicious Cycle Software,Little Orbit,Unreleased,"December 15, 2015","December 15, 2015","December 15, 2015"
Kung Fu Rabbit,Action,cTools Studio,Bulkypix,"November 19, 2014","May 2, 2013",Unreleased,"April 18, 2013"
Land It Rocket,Puzzle,Bear Box Media,Petite Games,Unreleased,"July 9, 2015",Unreleased,Unreleased
Laser Blaster,Shoot 'em up,Petite Games,Petite Games,Unreleased,"September 22, 2016",Unreleased,"September 22, 2016"
Last Soldier,Arcade,"38,9_Degrees",RandomSpin,Unreleased,"November 15, 2018",Unreleased,Unreleased
Legend of Kay Anniversary,Platform,Unit 4 Games,Nordic Games,Unreleased,"July 28, 2015","July 28, 2015","July 28, 2015"
The Legend of Zelda: Breath of the Wild,Action-adventure,Nintendo EPD,Nintendo,"March 3, 2017","March 3, 2017","March 3, 2017","March 3, 2017"
The Legend of Zelda: Twilight Princess HD,Action-adventure,"Nintendo EPD, Tantalus Media",Nintendo,"March 10, 2016","March 4, 2016","March 5, 2016","March 4, 2016"
The Legend of Zelda: The Wind Waker HD,Action-adventure,Nintendo EAD,Nintendo,"September 26, 2013","October 4, 2013","October 5, 2013","October 4, 2013"
Lego Batman 2: DC Super Heroes,Action-adventure,Traveller's Tales,Warner Bros. Interactive Entertainment,Unreleased,"May 21, 2013","May 21, 2013","May 21, 2013"
Lego Batman 3: Beyond Gotham,Action-adventure,Traveller's Tales,Warner Bros. Interactive Entertainment,"April 2, 2015","November 11, 2014","November 26, 2014","November 14, 2014"
Lego City Undercover,Action-adventure,"TT Fusion, Nintendo SPD",Nintendo,"July 25, 2013","March 18, 2013","March 28, 2013","March 28, 2013"
Lego Dimensions,Action-adventure,TT Games,Warner Bros. Interactive Entertainment,Unreleased,"September 27, 2015","September 28, 2015","September 29, 2015"
Lego Jurassic World,Action-adventure,TT Games,Warner Bros. Interactive Entertainment,"November 5, 2015","June 12, 2015","July 3, 2015","July 3, 2015"
Lego Marvel Super Heroes,Action-adventure,TT Games,Warner Bros. Interactive Entertainment,"January 22, 2015","October 22, 2013","November 13, 2013","November 15, 2013"
Lego Marvel's Avengers,Action-adventure,TT Games,Warner Bros. Interactive Entertainment,"January 26, 2016","January 26, 2016","January 29, 2016","January 29, 2016"
The Lego Movie Videogame,Action-adventure,"TT Fusion, TT Games",Warner Bros. Interactive Entertainment,"November 6, 2014","February 7, 2014","April 3, 2014","February 14, 2014"
Lego Star Wars: The Force Awakens,Action-adventure,"TT Fusion, TT Games",Warner Bros. Interactive Entertainment,"October 13, 2016","June 28, 2016","June 28, 2016","June 28, 2016"
Lego The Hobbit,Action-adventureaction role-playing,Traveller's Tales,"Warner Bros. Interactive Entertainment, MGM Interactive",Unreleased,"April 8, 2014","April 17, 2014","April 11, 2014"
The Letter,Adventure,TreeFall Studios,TreeFall Studios,Unreleased,"July 10, 2014","July 10, 2014","July 10, 2014"
Letter Quest Remastered,Role-playing,Digerati,Digerati,Unreleased,"September 8, 2016",Unreleased,"July 28, 2016"
"Level 22, Gary's Misadventures",Stealth,Moving Player,Moving Player,Unreleased,"January 28, 2016",Unreleased,"January 28, 2016"
Life of Pixel,Action platformer,Super Icon,Super Icon,Unreleased,"June 18, 2015",Unreleased,"January 21, 2016"
Little Inferno,Puzzle,Tomorrow Corporation,Tomorrow Corporation,"April 2, 2015","November 18, 2012","November 30, 2012","November 30, 2012"
Lone Survivor: The Director's Cut,Survival horror,Superflat Games,Curve Digital,Unreleased,"October 16, 2014","October 16, 2014","October 16, 2014"
Lost Reavers,Action,Bandai Namco,Bandai Namco,"December 2, 2015","April 28, 2016","April 28, 2016","April 28, 2016"
Lovely Planet,First-person shooter,Quicktequila,tinyBuild,Unreleased,"March 31, 2016",Unreleased,"April 7, 2016"
Lucadian Chronicles,Strategy,Dark Roast Entertainment,Dark Roast Entertainment,Unreleased,"December 11, 2014",Unreleased,Unreleased
Lucentek Beyond,Role-playingadventureactionfighting,Joseph Lucente,Lucentek,Unreleased,"February 2, 2017",Unreleased,Unreleased
Lucentek: Activate,"Action, adventure",Joseph Lucentre,Joseph Lucentre,Unreleased,"November 19, 2015",Unreleased,Unreleased
Luv Me Buddies Wonderland,Party,Reward Studios,O2 Games,Unreleased,"May 29, 2014",Unreleased,"June 26, 2014"
Madden NFL 13,Sports,EA Tiburon,EA Sports,Unreleased,"November 18, 2012",Unreleased,Unreleased
Mahjong,Puzzle,Sanuk Games,Sanuk Games,Unreleased,"October 13, 2016",Unreleased,"September 22, 2016"
Mahjong Deluxe 3,Puzzle,EnsenaSoft,EnsenaSoft,Unreleased,"March 16, 2017",Unreleased,Unreleased
Manabi Getto!,Educational,GakkenToppan,GakkenToppan,"April 28, 2015",Unreleased,Unreleased,Unreleased
Mario & Sonic at the Rio 2016 Olympic Games,Sports,Sega Sports JapanNintendo SPD,Nintendo,"June 23, 2016","June 24, 2016","June 24, 2016","June 24, 2016"
Mario & Sonic at the Sochi 2014 Olympic Winter Games,Sports,Sega Sports JapanNintendo SPD,Nintendo,"December 5, 2013","November 15, 2013","November 9, 2013","November 8, 2013"
Mario Kart 8,Racing,Bandai Namco StudiosNintendo EAD,Nintendo,"May 29, 2014","May 30, 2014","May 31, 2014","May 30, 2014"
Mario Party 10,Party,NDcubeNintendo SPD,Nintendo,"March 12, 2015","March 20, 2015","March 21, 2015","March 20, 2015"
Mario Tennis: Ultra Smash,Sports,Camelot Software Planning,Nintendo,"January 28, 2016","November 20, 2015","November 21, 2015","November 20, 2015"
Mario vs. Donkey Kong: Tipping Stars,Puzzle,Nintendo Software Technology,Nintendo,"March 9, 2015","March 5, 2015","March 20, 2015","March 20, 2015"
Marvel Avengers: Battle for Earth,Fighting,Ubisoft Quebec,Ubisoft,Unreleased,"December 4, 2012","February 14, 2013","January 24, 2013"
Mass Effect 3: Special Edition,Action role-playingthird-person shooter,BioWareStraight Right,Electronic Arts,"December 8, 2012","November 18, 2012","November 30, 2012","November 30, 2012"
Masked Forces,Action,R.G.B.,R.G.B.,Unreleased,"May 31, 2018",Unreleased,"May 3, 2018"
Master Reboot,Graphic adventuresurvival horror,Wales Interactive,Wales Interactive,"December 16, 2015","July 24, 2014",Unreleased,"July 24, 2014"
Maze,Adventurepuzzle,TreeFall Studios,TreeFall Studios,Unreleased,"January 8, 2015",Unreleased,Unreleased
Maze Break,Puzzles,nuGAME,nuGAME,Unreleased,"February 23, 2017",Unreleased,"February 9, 2017"
Mega Maze,Puzzle,Chronova,Chronova,Unreleased,"January 19, 2017",Unreleased,Unreleased
Meine Ersten Mitsing-Lieder,Music,Ringzero Games,Ringzero Games,Unreleased,Unreleased,Unreleased,"November 10, 2014"
Meme Run,Action,Jordan Schuetz,Ninja Pig Studios,Unreleased,"December 18, 2014","December 18, 2014","December 18, 2014"
Michiko Jump!,Action,Nintendo,Nintendo,"June 24, 2015",Unreleased,Unreleased,Unreleased
Midnight,Platform,Vilmos Gyokeres,Petite Games,Unreleased,"January 22, 2015",Unreleased,Unreleased
Midnight 2,Platform,Petite Games,Petite Games,Unreleased,"May 5, 2016",Unreleased,"June 30, 2016"
Midtown Crazy Race,Racing,José Varela,José Varela,Unreleased,"August 21, 2014",Unreleased,"July 31, 2014"
Mighty No. 9,Actionplatform,ComceptInti Creates,Deep Silver,"June 21, 2016","June 21, 2016","June 21, 2016","June 24, 2016"
Mighty Switch Force!: Hyper Drive Edition,Platformpuzzle,WayForward Technologies,JP: IntergrowWW: WayForward Technologies,"September 10, 2014","November 18, 2012","June 6, 2013","December 6, 2012"
Mighty Switch Force! 2,Platformpuzzle,WayForward Technologies,WayForward Technologies,Unreleased,"October 17, 2013","October 24, 2013","October 24, 2013"
Miko Mole,Simulation,Skunk Software,Skunk Software,Unreleased,"June 4, 2016",Unreleased,Unreleased
MikroGame: Rotator,Actionarcade,Studio de la Torre,Studio de la Torre,Unreleased,"August 18, 2016",Unreleased,"September 15, 2016"
Minecraft: Story Mode - The Complete Adventure,Graphic adventureinteractive movie,Telltale Games,Mojang,Unreleased,"December 13, 2016","December 16, 2016","December 16, 2016"
Minecraft: Wii U Edition,Sandbox,4J Studios,JP: MicrosoftWW: Mojang,"December 17, 2015","December 17, 2015","December 17, 2015","December 17, 2015"
Mini Mario & Friends: Amiibo Challenge,Puzzle,Nintendo,Nintendo,"January 28, 2016","April 28, 2016","April 29, 2016","April 28, 2016"
Mini-Games Madness Volume #1: Hello World!,Party,Skunk Software,Skunk Software,Unreleased,"January 28, 2016",Unreleased,Unreleased
Minna de Uchū Tour: ChariSou DX 2,Action,Spicysoft,Spicysoft,"October 14, 2015",Unreleased,Unreleased,Unreleased
The Misshitsukara no Dasshutsu: Subete no Hajimari 16 no Nazo,Point-and-click adventure,Intense,D3 Publisher,"April 9, 2014",Unreleased,Unreleased,Unreleased
The Misshitsukara no Dasshutsu 2: Kesareta 19 no Kioku,Point-and-click adventure,Intense,D3 Publisher,"August 6, 2014",Unreleased,Unreleased,Unreleased
Molly Maggot,Action-adventure,Gnobsoftware,Gnobsoftware,Unreleased,"December 31, 2015",Unreleased,Unreleased
Momonga Pinball Adventures,Pinball,Paladin Studios,Paladin Studios,"December 17, 2015","October 15, 2015",Unreleased,"October 15, 2015"
Mon Premier Karaoké,Music,Ring Zero,Ring Zero,Unreleased,"April 2, 2015",Unreleased,"September 18, 2014"
Monkey Pirates,Party,Henchmen Studio,Henchmen Studio,Unreleased,"June 26, 2014",Unreleased,"June 19, 2014"
Monster High: 13 Wishes,Action,Little Orbit,NA: Little OrbitEU: Namco Bandai Games,Unreleased,"October 29, 2013",Unreleased,"November 22, 2013"
Monster High: New Ghoul in School,Action-adventure,Little Orbit,Little Orbit,Unreleased,"November 17, 2015",Unreleased,"November 23, 2015"
Monster Hunter 3 Ultimate,Action role-playing,Capcom,Capcom,"December 8, 2012","March 19, 2013","March 23, 2013","March 22, 2013"
Monster Hunter: Frontier G,Action role-playing,Capcom,Capcom,"December 11, 2013",Unreleased,Unreleased,Unreleased
Monster Hunter: Frontier G Genuine,Action role-playing,Capcom,Capcom,"April 23, 2014",Unreleased,Unreleased,Unreleased
Monster Hunter: Frontier G5,Action role-playing,Capcom,Capcom,"July 23, 2014",Unreleased,Unreleased,Unreleased
Monster Hunter: Frontier G6,Action role-playing,Capcom,Capcom,"November 19, 2014",Unreleased,Unreleased,Unreleased
Monster Hunter: Frontier G7,Action role-playing,Capcom,Capcom,"April 15, 2015",Unreleased,Unreleased,Unreleased
Monster Hunter: Frontier G8,Action role-playing,Capcom,Capcom,"July 22, 2015",Unreleased,Unreleased,Unreleased
Monster Hunter: Frontier G9,Action role-playing,Capcom,Capcom,"November 18, 2015",Unreleased,Unreleased,Unreleased
Monster Hunter: Frontier G10,Action role-playing,Capcom,Capcom,"April 21, 2016",Unreleased,Unreleased,Unreleased
Monster Hunter: Frontier Z,Action role-playing,Capcom,Capcom,"November 9, 2016",Unreleased,Unreleased,Unreleased
Mop: Operation Cleanup,"Action, adventure, arcade",EnsenaSoft,EnsenaSoft,Unreleased,"April 20, 2017",Unreleased,Unreleased
Mortar Melon,Puzzlestrategy,MudvarkNitrolic Games,Nitrolic Games,Unreleased,"August 20, 2015",Unreleased,"August 11, 2016"
Mountain Peak Battle Mess,Arcade,RandomSpin,RandomSpin,Unreleased,"October 24, 2019",Unreleased,"October 24, 2019"
Mr. Pumpkin Adventure,Adventurepuzzle,CottenGame,Circle Entertainment,Unreleased,"October 20, 2016",Unreleased,"October 27, 2016"
Mutant Alien Moles of the Dead,Action,Pixel Bones Studios,EnjoyUp Games,Unreleased,"June 15, 2017",Unreleased,"March 30, 2017"
Mutant Mudds Deluxe,Platform,Renegade Kid,Renegade Kid,"June 24, 2015","June 13, 2013",Unreleased,Unreleased
Mutant Mudds Super Challenge,Platform,Renegade Kid,Renegade Kid,Unreleased,"March 17, 2016","March 17, 2016","March 17, 2016"
My Arctic Farm,Simulation,Bip Media,Bip Media,Unreleased,"June 26, 2014",Unreleased,Unreleased
My Exotic Farm,Simulation,Bip Media,Bip Media,Unreleased,"April 10, 2014",Unreleased,"April 17, 2014"
My Farm,Simulation,Bip Media,Bip Media,Unreleased,"February 27, 2014",Unreleased,"February 6, 2014"
My First Songs,Music,RingZero Game Studio,RingZero Game Studio,Unreleased,"April 17, 2014",Unreleased,"June 12, 2014"
My Jurassic Farm,Simulation,Bip Media,Bip Media,Unreleased,"June 26, 2014",Unreleased,Unreleased
My Style Studio: Hair Salon,Simulation,Cypronia,Cypronia,Unreleased,"March 27, 2014",Unreleased,"October 23, 2014"
The Mysterious Cities of Gold: Secret Paths,Puzzlestealth,Neko Entertainment,Ynnis Interactive,Unreleased,"November 21, 2013","November 21, 2013","November 21, 2013"
Nano Assault Neo,Shoot 'em up,Shin'en Multimedia,JP: Arc System WorksWW: Shin'en Multimedia,"February 27, 2013","November 18, 2012","November 30, 2012","November 30, 2012"
NBA 2K13,Sports,Visual Concepts,2K Sports,Unreleased,"November 18, 2012","December 27, 2012","December 28, 2012"
Near Earth Objects,"Action, adventure",Jay X Townsend,Form Up Studios,Unreleased,"January 14, 2016",Unreleased,Unreleased
Need for Speed: Most Wanted U,Racing,Criterion Games,Electronic Arts,"March 20, 2013","March 19, 2013","March 21, 2013","March 22, 2013"
Neon Battle,Sports,Helix Games,Helix Games,Unreleased,"July 9, 2015",Unreleased,Unreleased
NES Remix,Action,Nintendo EADIndies Zero,Nintendo,"December 19, 2013","December 18, 2013","December 18, 2013","December 18, 2013"
NES Remix 2,Action,Nintendo EADIndies Zero,Nintendo,"April 24, 2014","April 25, 2014","April 25, 2014","April 25, 2014"
Never Alone,Puzzle platformer,E-Line MediaUpper One Games,E-Line Media,"August 19, 2015","June 25, 2015",Unreleased,"July 9, 2015"
New Super Luigi U,Platform,Nintendo EAD,Nintendo,"June 19, 2013","June 20, 2013","June 20, 2013","June 20, 2013"
New Super Mario Bros. U,Platform,Nintendo EAD,Nintendo,"December 8, 2012","November 18, 2012","November 30, 2012","November 30, 2012"
Nihilumbra,Puzzleplatform,BeautiFun Games,BeautiFun Games,"December 9, 2015","May 14, 2015","May 14, 2015","May 14, 2015"
Ninja Gaiden 3: Razor's Edge,Action-adventurehack and slash,Team Ninja,JP: Tecmo KoeiWW: Nintendo,"December 8, 2012","November 18, 2012","May 13, 2013","January 11, 2013"
Ninja Pizza Girl,Actionadventure,Disperity Games,Disperity Games,"November 9, 2016","October 6, 2016",Unreleased,"October 6, 2016"
Ninja Strike: Dangerous Dash,Platform,Natsume,Natsume,Unreleased,"October 15, 2015",Unreleased,"November 19, 2015"
Nintendo Game Seminar 2013 Jukousei Sakuhin,Party,Nintendo,Nintendo,"June 19, 2014",Unreleased,Unreleased,Unreleased
Nintendo Land,Party,Nintendo EAD,Nintendo,"December 8, 2012","November 18, 2012","November 30, 2012","November 30, 2012"
Noitu Love: Devolution,Action,Joakim SandbergMP2 Games,MP2 Games,"September 15, 2016","September 15, 2016","September 15, 2016","September 22, 2016"
Nova-111,Real-time strategypuzzle,Funktronic Labs,Curve Digital,Unreleased,"September 24, 2015",Unreleased,"September 24, 2015"
Now I know my ABCs,Edutainment,Skunk Software,Skunk Software,Unreleased,"March 31, 2016",Unreleased,Unreleased
Octocopter: Super Sub Squid Escape,Actionpuzzle,Tacs Games,Tacs Games,Unreleased,"November 24, 2016",Unreleased,"November 24, 2016"
Octodad: Dadliest Catch,Adventure,Young Horses,Young Horses,Unreleased,"October 29, 2015","January 15, 2016","October 30, 2015"
Oddworld: Abe's Oddysee – New 'n' Tasty!,Platformpuzzle,Just Add Water,Oddworld Inhabitants,Unreleased,"February 11, 2016","February 11, 2016","February 11, 2016"
Ohayou! Beginner's Japanese,Edutainment,Finger Gun Games,Finger Gun Games,Unreleased,"November 17, 2016",Unreleased,"November 24, 2016"
OlliOlli,Sports,Roll7Curve Digital,Curve Digital,Unreleased,"March 5, 2015","March 5, 2015","March 5, 2015"
Olympia Rising,Actionplatformer,PlayEveryWare,PlayEveryWare,Unreleased,"June 9, 2016","April 15, 2016","April 14, 2016"
One Piece: Unlimited World Red,Action-adventure,Ganbarion,Bandai Namco Games,"June 12, 2014","July 8, 2014","June 26, 2014","June 27, 2014"
Orbit,Arcadepuzzlestrategyfirst-person shooter,RCMADIAX,RCMADIAX,Unreleased,"April 20, 2017","April 20, 2017","April 20, 2017"
Othello,Board game,Arc System Works,Arc System Works,"April 17, 2013",Unreleased,Unreleased,Unreleased
Outside The Realm,"Puzzle, strategy",TreeFall Studios,TreeFall Studios,Unreleased,"February 11, 2016",Unreleased,Unreleased
Overworld Defender Remix,"Action, adventure",Overworld GalaxyPJ PerrettaJacob Crews,Stereo Chromatic,Unreleased,"August 4, 2016",Unreleased,Unreleased
Pac-Man and the Ghostly Adventures,Platform,Bandai Namco StudiosMonkey Bar Games,Bandai Namco Games,"June 25, 2014","October 29, 2013","November 28, 2013","March 7, 2014"
Pac-Man and the Ghostly Adventures 2,Platform,Bandai Namco StudiosMonkey Bar Games,Bandai Namco Games,"October 14, 2014","October 14, 2014","October 14, 2014","October 14, 2014"
Panda Love,"Arcade, platform",RCMADIAX,RCMADIAX,Unreleased,"September 1, 2016","August 25, 2016","August 25, 2016"
Paparazzi,Party,Pringo Dingo,Pringo Dingo,Unreleased,"February 12, 2015",Unreleased,Unreleased
Paper Mario: Color Splash,Action-adventure,Intelligent Systems,Nintendo,"October 13, 2016","October 7, 2016","October 8, 2016","October 7, 2016"
Paper Monsters Recut,Platform,Mobot Studios,Mobot Studios,Unreleased,"October 16, 2014",Unreleased,"November 13, 2014"
Paranautical Activity,First-person shooter,Digerati,Digerati,Unreleased,"April 14, 2016",Unreleased,"April 21, 2016"
The Peanuts Movie: Snoopy's Grand Adventure,Platform,Beenox,Activision,Unreleased,"November 3, 2015",Unreleased,"November 6, 2015"
Peg Solitaire,"Puzzle, strategy",RCMADIAX,RCMADIAX,Unreleased,"February 4, 2016",Unreleased,Unreleased
Penguins of Madagascar,Action,Little Orbit,Little Orbit,Unreleased,"November 18, 2014",Unreleased,"November 28, 2014"
Pentapuzzle,Puzzle,RCMADIAX,JP: Rainy FrogWW: RCMADIAX,"September 30, 2015","March 19, 2015","May 5, 2016","May 5, 2016"
Percy's Predicament,Platform,Maestro Interactive,Maestro Interactive,Unreleased,"February 6, 2014",Unreleased,Unreleased
Perpetual Blast,Action,Yiannos Efthymiou,Yiannos Efthymiou,Unreleased,"October 8, 2015",Unreleased,Unreleased
The Perplexing Orb,Adventure,TreeFall Studios,TreeFall Studios,Unreleased,"January 14, 2016",Unreleased,Unreleased
Petite Zombies,Arcade,RandomSpin,RandomSpin,Unreleased,"October 11, 2018",Unreleased,"October 11, 2018"
Phineas and Ferb: Quest for Cool Stuff,Platform,Behaviour Interactive,NA: Majesco EntertainmentEU: 505 Games,Unreleased,"August 13, 2013",Unreleased,"March 7, 2014"
Piano Teacher,Simulation,Skunk Software,Skunk Software,Unreleased,"September 1, 2016",Unreleased,Unreleased
Pic-a-Pix Color,Puzzle,Lightwood Games,Lightwood Games,Unreleased,"April 13, 2017",Unreleased,"March 30, 2017"
PictoParty,Party,Retroid Interactive,Retroid Interactive,Unreleased,"October 29, 2015",Unreleased,"January 28, 2016"
Pier Solar and the Great Architects,Role-playing,WaterMelon,WaterMelon,Unreleased,"November 6, 2014",Unreleased,"November 27, 2014"
Pikmin 3,Real-time strategy,Nintendo EAD,Nintendo,"July 13, 2013","August 4, 2013","July 27, 2013","July 26, 2013"
Pinball,Arcadeadventureboard gamestrategypuzzle,RCMADIAX,RCMADIAX,Unreleased,"May 18, 2017","May 18, 2017","May 18, 2017"
The Pinball Arcade,Pinball,FarSight Studios,FarSight Studios,Unreleased,"April 21, 2016",Unreleased,Unreleased
Pinball Breakout,Arcade,nuGAME,nuGAME,Unreleased,"November 3, 2016",Unreleased
Ping 1.5+,Puzzlestrategy,Nami Tentou Mushi,Nami Tentou Mushi,Unreleased,"October 16, 2014",Unreleased,"October 6, 2016"
Pirate Pop Plus,Action,Dadako Studios,JP: Rainy FrogWW: 13AM Games,"February 22, 2017","October 20, 2016","October 21, 2016","October 20, 2016"
Pixel Slime U,Platform,RCMADIAX,RCMADIAX,Unreleased,"August 27, 2015","May 12, 2016","May 12, 2016"
PixelJunk Monsters,Tower defense,Q-Games,Double Eleven,Unreleased,"May 19, 2016",Unreleased,"May 19, 2016"
PixlCross,Puzzle,PixlBit Studios,PixlBit Studios,Unreleased,"March 31, 2016",Unreleased,Unreleased
Placards,Puzzlestrategy,Wombat Source,JH Specialty,Unreleased,"February 23, 2017",Unreleased,Unreleased
Plantera,Simulationstrategy,Ratalaika Games,Ratalaika Games,"February 1, 2017","February 9, 2017",Unreleased,"February 9, 2017"
Plenty of Fishies,Action,Nitrolic Games,Nitrolic Games,Unreleased,"December 18, 2014",Unreleased,"August 11, 2016"
Pokémon Rumble U,Action role-playingbeat 'em up,Ambrella,NintendoThe Pokémon Company,"April 24, 2013","August 29, 2013","August 15, 2013","August 15, 2013"
Poker Dice Solitaire Future,Puzzlestrategy,RCMADIAX,RCMADIAX,"April 28, 2015","July 3, 2014",Unreleased,Unreleased
Pokkén Tournament,Fighting,Bandai Namco Entertainment,NintendoThe Pokémon Company,"March 18, 2016","March 18, 2016","March 19, 2016","March 18, 2016"
Poncho,Puzzle platformer,Delve Interactive,Rising Star Games,Unreleased,"August 18, 2016","August 19, 2016","August 18, 2016"
Preston Sterling and the Legend of Excalibur,Actionadventurepuzzle,NA: Animation Arts CreativeEU: Miracle Box Games,Miracle Box Games,Unreleased,"June 29, 2017",Unreleased,"June 1, 2017"
Prism Pets,Puzzle,Mouse Potato Games,Intropy Games,Unreleased,"June 30, 2016",Unreleased,Unreleased
Psibo,Arcade,Namibia Tentou Mushi,Nintendo,Unreleased,"October 6, 2016",Unreleased,"October 6, 2016"
Psyscrolr,Platform,Actos Games,Actos Games,Unreleased,"April 2, 2015",Unreleased,Unreleased
Puddle,Platformpuzzle,Neko Entertainment,JP: CosenWW: Neko Entertainment,"December 24, 2014","January 31, 2013","November 30, 2012","November 30, 2012"
Pumped BMX,Racingplatform,Yeah Us!,Curve Digital,Unreleased,"October 1, 2015",Unreleased,"October 1, 2015"
Pure Chess,Board game,VooFoo Studios,Ripstone,Unreleased,"March 20, 2014","March 20, 2014","March 20, 2014"
Pushmo World,Puzzle,Intelligent SystemsNintendo SPD,Nintendo,"June 19, 2014","June 19, 2014","June 19, 2014","June 19, 2014"
Puyo Puyo Tetris,Puzzle,Sonic Team,Sega,"February 6, 2014",Unreleased,Unreleased,Unreleased
Puzzle Monkeys,Puzzle,Log Games,Log Games,Unreleased,"February 5, 2015",Unreleased,"February 19, 2015"
Quadcopter Pilot Challenge,Flight simulator,Tacs Games,Tacs Games,Unreleased,"July 2, 2015",Unreleased,Unreleased
Q.U.B.E.: Director's Cut,Puzzle,Toxic Games,Grip Games,Unreleased,"August 27, 2015","August 27, 2015","August 27, 2015"
Queens Garden,Board gamepuzzle,Joindots,Joindots,Unreleased,"May 12, 2016",Unreleased,"April 21, 2016"
Quest of Dungeons,Adventurerole-playing,Upfall Studios,Upfall Studios,Unreleased,"September 29, 2016","September 29, 2016","September 29, 2016"
The Quiet Collection,Adventure,Nostatic Software,Nostatic Software,Unreleased,"July 23, 2015",Unreleased,"September 24, 2015"
Rabbids Land,Party,Ubisoft Paris,Ubisoft,"June 6, 2013","November 18, 2012","November 30, 2012","November 30, 2012"
Race the Sun,Endless runner,Flippfly,Flippfly,Unreleased,"October 8, 2015","October 8, 2015","October 8, 2015"
Radiantflux: Hyperfractal,Adventure,Tacs Games,Tacs Games,Unreleased,"December 22, 2016",Unreleased,"December 22, 2016"
Rainbow Snake,Arcade,RandomSpin,RandomSpin,Unreleased,"May 3, 2018",Unreleased,"May 31, 2018"
Rakoo & Friends,Party,Old Skull Games,Moving Player,Unreleased,"October 15, 2015",Unreleased,"October 15, 2015"
Rapala Pro Bass Fishing,Simulation,Fun Labs,Activision,Unreleased,"December 4, 2012",Unreleased,Unreleased
Rayman Legends,Platform,Ubisoft Montpellier,Ubisoft,Unreleased,"April 25, 2013","April 25, 2013","April 25, 2013"
Rayman Legends Challenges,Platform,Ubisoft Montpellier,JP: NintendoWW: Ubisoft,"October 17, 2013","September 3, 2013","August 29, 2013","August 30, 2013"
Red Riding Hood,Visual Novel,Brave Rock Games,Brave Rock Games,Unreleased,"October 2, 2014",Unreleased,"February 12, 2015"
Regina & Mac,Adventure,Diplodocus Games,Diplodocus Games,Unreleased,"January 16, 2020",Unreleased,"January 16, 2020"
Replay: VHS is Not Dead,Actionplatformerpuzzle,Neko Entertainment,Neko Entertainment,Unreleased,"February 25, 2016",Unreleased,"February 25, 2016"
Reptilian Rebellion,Actionarcadeshooter,Herrero,Herrero,Unreleased,"July 14, 2016",Unreleased,"May 5, 2016"
Resident Evil: Revelations,Survival horror,CapcomTose,Capcom,"May 23, 2013","May 21, 2013","May 23, 2013","May 24, 2013"
Retro Road Rumble,Puzzlestrategy,Sketchy Coyote Interactive,Sketchy Coyote Interactive,Unreleased,"October 20, 2016",Unreleased,Unreleased
Revenant Saga,Role-playing,Kemco,Kemco,"June 6, 2017","July 6, 2017",Unreleased,"July 6, 2017"
Rise of the Guardians: The Video Game,Action-adventure,Torus Games,D3 Publisher,Unreleased,"December 4, 2012","December 13, 2012","December 14, 2012"
The Rivers of Alice: Extended Version,Adventure,Delirium Studios,Delirium Studios,Unreleased,"October 1, 2015",Unreleased,"September 24, 2015"
Rock 'N Racing Grand Prix,Action,Pixel Bones Studios,EnjoyUp Games,"March 29, 2017","September 15, 2016",Unreleased,"September 15, 2016"
Rock 'N Racing Off Road,Racing,EnjoyUp Games,EnjoyUp Games,"October 28, 2015","January 29, 2015",Unreleased,"January 29, 2015"
Rock 'N Racing Off Road DX,Racing,EnjoyUp Games,EnjoyUp Games,Unreleased,"September 17, 2015",Unreleased,"September 24, 2015"
Rock Zombie,Action,Quaternion Studio,EnjoyUp Games,Unreleased,"October 30, 2014",Unreleased,"November 20, 2014"
Rodea the Sky Soldier,Action,"Kadokawa Corporation, Prope",JP: Kadokawa ShotenWW: NIS America,"April 2, 2015","November 10, 2015","November 19, 2015","November 13, 2015"
Romance of the Three Kingdoms 12,Turn-based strategytactical role-playing,Koei,Koei,"December 13, 2012",Unreleased,Unreleased,Unreleased
Rorrim,Actionadventurepuzzle,Nitrolic GamesMatthew FlewellingEzekiel Rage,Nitrolic Games,Unreleased,"September 8, 2016",Unreleased,"September 8, 2016"
Roving Rogue,"Action, adventure",Padaone Games,Padaone Games,Unreleased,"July 2, 2015",Unreleased,"July 2, 2015"
RTO,First-person shooter,nuGAME,nuGAME,Unreleased,"December 7, 2017",Unreleased,"November 16, 2017"
RTO 2,First-person shooter,nuGAME,nuGAME,Unreleased,"March 1, 2018",Unreleased,"March 1, 2018"
Rubik's Cube,Puzzlesimulation,Cypronia,Cypronia,Unreleased,"June 23, 2016",Unreleased,"June 23, 2016"
Run Run and Die,Actionarcadeplatformer,EnjoyUp Games,EnjoyUp Games,"December 14, 2016","June 16, 2016",Unreleased,"April 28, 2016"
Runbow,"Platform, racing",13AM Games,13AM Games,"November 25, 2015","August 27, 2015","October 23, 2015","September 3, 2015"
Rush,"Puzzle, platform",Two Tribes,Two Tribes,Unreleased,"December 12, 2013",Unreleased,"December 12, 2013"
Rynn's Adventure: Trouble in the Enchanted Forest,Platform,Arcane Four Studios,Arcane Four Studios,Unreleased,"May 26, 2016",Unreleased,Unreleased
Ryū ga Gotoku 1 & 2: HD Edition,Action-adventure,Sega,Sega,"August 8, 2013",Unreleased,Unreleased,Unreleased
Sanatory Hallways,Adventureparty,Wegenbartho,Wegenbartho,Unreleased,Unreleased,Unreleased,"August 6, 2016"
Santa Factory,Puzzle platformer,Xiness,Xiness,Unreleased,"July 9, 2015",Unreleased,Unreleased
Schlag den Star: Das Spiel,Trivia,Lost The Game Studios,bitComposer,Unreleased,Unreleased,Unreleased,"December 25, 2017"
Scoop! Around the World in 80 Spaces,Strategy,BNC Design Studios,BNC Design Studios,Unreleased,"June 13, 2019",Unreleased,Unreleased
Scram Kitty and His Buddy on Rails,Platform,Dakko Dakko,Dakko Dakko,Unreleased,"May 15, 2014",Unreleased,"May 15, 2014"
Scribble,Puzzle,nuGAME,nuGAME,Unreleased,"December 15, 2016",Unreleased,"December 15, 2016"
Scribblenauts Unlimited,"Puzzle, action",5th Cell,NA: Warner Bros. Interactive EntertainmentPAL: Nintendo,Unreleased,"November 18, 2012","November 30, 2012","December 6, 2013"
Scribblenauts Unmasked: A DC Comics Adventure,"Puzzle, action",5th Cell,Warner Bros. Interactive Entertainment,Unreleased,"September 24, 2013","September 25, 2013",Unreleased
Secret Files: Tunguska,"Adventure, puzzle",Deep Silver,Deep Silver,Unreleased,Unreleased,Unreleased,"July 28, 2016"
Severed,Action,DrinkBox Studios,DrinkBox Studios,Unreleased,"September 22, 2016","September 22, 2016","September 22, 2016"
Shadow Archer,Actionadventure,Ultra Dolphin Revolution,Ultra Dolphin Revolution,Unreleased,"August 25, 2016",Unreleased,"February 2, 2017"
Shadow Archery,Actionadventure,Ultra Dolphin Revolution,Ultra Dolphin Revolution,Unreleased,"April 12, 2018",Unreleased,"May 3, 2018"
Shadow Puppeteer,"Puzzle, adventure",Sarepta Studio,Sarepta Studio,Unreleased,"January 28, 2016","January 28, 2016","January 28, 2016"
Shakedown: Hawaii,Action-adventure,Vblank Entertainment,Vblank Entertainment,Unreleased,"August 20, 2020",Unreleased,Unreleased
Shantae and the Pirate's Curse,Action-adventure,WayForward TechnologiesInti Creates,WayForward Technologies,"September 7, 2016","October 23, 2014","February 5, 2015","February 5, 2015"
Shantae: Half-Genie Hero,Platform,WayForward TechnologiesInti Creates,WayForward TechnologiesXseed Games,Unreleased,"September 30, 2016","December 20, 2016","December 20, 2016"
Shantae: Risky's Revenge - Director's Cut,Platform,WayForward TechnologiesInti Creates,WayForward Technologies,"March 24, 2016","March 24, 2016","March 24, 2016","March 24, 2016"
Shapes of Gray,Action,Secret Tunnel Entertainment,Secret Tunnel Entertainment,Unreleased,"May 21, 2015",Unreleased,Unreleased
Shiftlings,"Puzzle, platform",Rock Pocket Games,Rock Pocket Games,Unreleased,"June 25, 2015",Unreleased,"June 25, 2015"
Shiny the Firefly,Puzzle,Stage Clear StudiosPadaone Games,Stage Clear Studios,Unreleased,"November 27, 2014",Unreleased,"November 27, 2014"
SHMUP Collection,Shoot 'em up,Astro Port,PixelHeart,Unreleased,Unreleased,Unreleased,"May 15, 2020"
Shooting Range by Thornbury Software,"Puzzle, strategy",Thornbury Software,Thornbury Software,Unreleased,"October 21, 2016",Unreleased,Unreleased
Shoot the Ball,"Puzzles, strategy",RCMADIAX,JP: CosenWW: RCMADIAX,"April 20, 2017","December 1, 2016","November 10, 2016","December 1, 2016"
Shooty Space,"Arcade, shooter",RCMADIAX,RCMADIAX,Unreleased,"September 15, 2016","September 15, 2016","September 15, 2016"
Shovel Knight,"Action, platform",Yacht Club Games,JP: NintendoWW: Yacht Club Games,"June 30, 2016","June 26, 2014","November 5, 2014","November 5, 2014"
Shut the Box,"Puzzle, strategy",RCMADIAX,RCMADIAX,"April 28, 2015","August 7, 2014",Unreleased,Unreleased
Shütshimi,Shoot 'em up,Neon Deity Games,Choice Provisions,Unreleased,"February 4, 2016",Unreleased,"April 28, 2016"
Shuttle Rush,Action platformer,Takusan Works,Takusan Works,Unreleased,"November 6, 2014",Unreleased,Unreleased
Sing Party,Music,FreeStyleGamesNintendo SPD,Nintendo,Unreleased,"November 18, 2012","January 19, 2013","January 18, 2013"
Sinister Assistant,Adventure,Ultra Dolphin Revolution,Ultra Dolphin Revolution,Unreleased,"February 14, 2019",Unreleased,"February 7, 2019"
Six Sides of the World,Puzzle,Dolores Entertainment,Dolores Entertainment,Unreleased,Unreleased,Unreleased,"March 23, 2017"
Skeasy,"Arcade, strategy",RCMADIAX,RCMADIAX,Unreleased,"January 21, 2016",Unreleased,Unreleased
Sketch Wars,Party,Wildcard Studios,Wildcard Studios,Unreleased,"December 10, 2015",Unreleased,Unreleased
Skorb,Adventurestrategyracing,Stereo Chromatic,Stereo Chromatic,Unreleased,"October 6, 2016",Unreleased,Unreleased
Skunky B's Super Slots Saga #1,"Action, adventure",Skunk Software,Skunk Software,Unreleased,"September 1, 2016",Unreleased,Unreleased
Sky Force Anniversary,Arcade,Infinite Dreams,Infinite Dreams,Unreleased,"March 16, 2017",Unreleased,"March 16, 2017"
Skylanders: Giants,Role-playingaction-adventureplatform,Vicarious Visions,Activision,Unreleased,"November 18, 2012","November 30, 2012","November 30, 2012"
Skylanders: Imaginators,Action-adventureplatform,Toys For Bob,Activision,Unreleased,"October 16, 2016","October 13, 2016","October 14, 2016"
Skylanders: Spyro's Adventure,Role-playingaction-adventureplatform,Toys for Bob,Square Enix,"July 12, 2013",Unreleased,Unreleased,Unreleased
Skylanders: SuperChargers,Role-playingaction-adventureplatformracing,Vicarious Visions,Activision,Unreleased,"September 20, 2015","September 23, 2015","September 25, 2015"
Skylanders: Swap Force,"Role-playing, action-adventure, platform",Vicarious Visions,Activision,Unreleased,"October 13, 2013","October 16, 2013","October 18, 2013"
Skylanders: Trap Team,"Role-playing, action-adventure, platform",Beenox,Activision,Unreleased,"October 5, 2014","October 2, 2014","October 10, 2014"
Slender: The Arrival,Survival horror,Blue Isle Studios,Midnight City,Unreleased,"October 22, 2015",Unreleased,"October 29, 2015"
Slots: Pharaoh's Riches,Strategy,Skunk Software,Skunk Software,Unreleased,"April 14, 2016",Unreleased,Unreleased
Smart Adventures Mission Math: Sabotage at the Space Station,"Action, platformer, puzzle",Neko Entertainment,Neko Entertainment,Unreleased,"February 25, 2016",Unreleased,"February 25, 2016"
The Smurfs 2,"Action-adventure, platform","Ubisoft, WayForward Technologies",Ubisoft,Unreleased,"July 23, 2013","July 18, 2013","July 19, 2013"
Snake Den,Arcade,Game Bytes,Game Bytes,Unreleased,"November 20, 2014",Unreleased,Unreleased
Sniper Elite V2,"Tactical shooter, stealth",Rebellion Developments,"505 Games, UbisoftJP","July 18, 2013","May 24, 2013","May 30, 2013","May 21, 2013"
Snowball,Action,CRT Factory,CRT Factory,Unreleased,"January 19, 2017",Unreleased,Unreleased
Solitaire,Puzzles,Sanuk Games,Sanuk Games,Unreleased,"October 27, 2016",Unreleased,"October 27, 2016"
Solitaire Dungeon Escape,Card game,José Varela,José Varela,Unreleased,"June 18, 2015",Unreleased,Unreleased
Sonic & All-Stars Racing Transformed,Racing,Sumo Digital,Sega,"May 15, 2014","November 16, 2012","November 30, 2012","November 30, 2012"
Sonic Boom: Rise of Lyric,Action-adventure,Big Red Button Entertainment,Sega,"December 18, 2014","November 11, 2014","November 29, 2014","November 21, 2014"
Sonic Lost World,"Action-adventure, platform",Sonic Team,"Sega, NintendoEU","October 24, 2013","October 22, 2013","October 19, 2013","October 18, 2013"
Soon Shine,"Action, puzzle",Dahku Creations,Dahku Creations,Unreleased,"August 14, 2014",Unreleased,"August 27, 2015"
Soul Axiom,RPG,Wales Interactive,Wales Interactive,Unreleased,"September 29, 2016",Unreleased,"September 29, 2016"
Space Hulk,Turn-based tactics,Full Control,HR Games,Unreleased,"January 14, 2016",Unreleased,"February 4, 2016"
Space Hunted,Actionarcadeplatformer,Ultra Dolphin Revolution,Ultra Dolphin Revolution,Unreleased,"July 6, 2017",Unreleased,"June 29, 2017"
Space Hunted: The Lost Levels,Actionarcadeplatformer,Ultra Dolphin Revolution,Ultra Dolphin Revolution,Unreleased,"February 13, 2020",Unreleased,"February 13, 2020"
Space Intervention,Arcade,VG && IG,Igor Gafton,Unreleased,"October 17, 2019",Unreleased,"October 24, 2019"
SpaceRoads,"Sports, racing",Wurd Industries,Wurd Industries,Unreleased,"May 5, 2016",Unreleased,Unreleased
Spellcaster's Assistant,Arcade,Ultra Dolphin Revolution,Ultra Dolphin Revolution,Unreleased,"March 29, 2018",Unreleased,"April 12, 2018"
Sphere Slice,"Arcade, fighting, puzzles, strategy",RCMADIAX,RCMADIAX,Unreleased,"June 1, 2017","June 8, 2017","June 8, 2017"
SphereZor,"Action, adventure",James Guard,James Guard,Unreleased,"September 8, 2016",Unreleased,Unreleased
Spheroids,Platformer,Eclipse Games,"Eclipse Games, ShipbuildingJP","March 7, 2018","January 5, 2017","January 5, 2017","January 5, 2017"
Spikey Walls,"Puzzles, strategy",RCMADIAX,RCMADIAX,Unreleased,"September 18, 2014",Unreleased,Unreleased
Spin the Bottle: Bumpie's Party,Party,Redgrim,JP: Rainy FrogWW: KnapNok Games,"February 12, 2014","August 8, 2013",Unreleased,"August 8, 2013"
Splashy Duck,"Action, arcade",RCMADIAX,RCMADIAX,Unreleased,"June 23, 2016","June 23, 2016","June 23, 2016"
Splatoon,Third-person shooter,Nintendo EAD,Nintendo,"May 28, 2015","May 29, 2015","May 30, 2015","May 29, 2015"
SpongeBob SquarePants: Plankton's Robotic Revenge,"Action-adventure, platform, third-person shooter",Behaviour Interactive,Activision,Unreleased,"October 22, 2013",Unreleased,"October 11, 2013"
Sportsball,Sports,Too DX,Too DX,Unreleased,"November 6, 2014",Unreleased,Unreleased
Spot the Differences! Party,Puzzle,Sanuk Games,JP: Rainy FrogWW: Sanuk Games,"January 22, 2014","September 5, 2013",Unreleased,"September 5, 2013"
Spy Chameleon,"Arcade, puzzle",EnjoyUp Games,EnjoyUp Games,Unreleased,"December 25, 2014",Unreleased,"December 25, 2014"
Squids Odyssey,Tactical role-playing,The Game Bakers,The Game Bakers,Unreleased,"May 22, 2014",Unreleased,"May 22, 2014"
Star Fox Guard,Tower defense,Platinum GamesNintendo EPD,Nintendo,"April 21, 2016","April 22, 2016","April 23, 2016","April 22, 2016"
Star Fox Zero,Shooter,Platinum GamesNintendo EPD,Nintendo,"April 21, 2016","April 22, 2016","April 23, 2016","April 22, 2016"
Star Ghost,Shooter,Squarehead Games,Squarehead Games,Unreleased,"March 10, 2016",Unreleased,"March 10, 2016"
Star Sky,Adventure,JMJ Interactive,JP: Rainy FrogWW: JMJ Interactive,"September 9, 2015","September 10, 2015",Unreleased,"September 10, 2015"
Star Sky 2,"Adventure, simulation",Marten Jonsson,JP: Rainy FrogWW: JMJ Interactive,"November 30, 2016","June 23, 2016",Unreleased,"April 14, 2016"
Star Splash: Shattered Star,"Action, arcade",Snails Arcade,Snails Animation,Unreleased,"February 2, 2017",Unreleased,"February 2, 2017"
Star Wars Pinball,Pinball,Zen Studios,Zen Studios,Unreleased,"July 11, 2013",Unreleased,"July 11, 2013"
Starwhal,Party,Breakfall,Breakfall,Unreleased,"September 24, 2015",Unreleased,"October 8, 2015"
Stealth Inc. 2: A Game of Clones,"Platform, stealth",Curve Digital,Curve Digital,Unreleased,"October 30, 2014",Unreleased,"October 30, 2014"
SteamWorld Dig,"Platform, action-adventure",Image & Form,Image & Form,Unreleased,"August 28, 2014","August 28, 2014","August 28, 2014"
SteamWorld Heist,Turn-based strategy,Image & Form,Image & Form,Unreleased,"October 20, 2016","September 30, 2016","September 30, 2016"
Steel Lords,"Action, adventure, fighting",nuGAME,nuGAME,Unreleased,"July 7, 2016",Unreleased,"June 24, 2016"
Steel Rivals,"Action, adventure, fighting",nuGAME,nuGAME,Unreleased,"March 3, 2016",Unreleased,"March 10, 2016"
Stick It to the Man!,Action,Zoink,Ripstone,"October 22, 2014","May 1, 2014",Unreleased,"May 1, 2014"
Stone Shire,Sandbox,Finger Fun Games,Finger Fun Games,Unreleased,"May 21, 2015",Unreleased,"August 27, 2015"
The Stonecutter,Visual novel,Brave Rock Games,Brave Rock Games,Unreleased,"June 4, 2015",Unreleased,"April 13, 2017"
Sudoku and Permudoku,"Puzzles, strategy",Diplodocus Games,Diplodocus Games,Unreleased,"May 5, 2016",Unreleased,"July 7, 2016"
Sudoku Party,"Action, puzzles",Lightwood Games,Lightwood Games,Unreleased,"March 16, 2017",Unreleased,"March 23, 2017"
Super Destronaut,"Action, adventure",Vilmos Gyokeres,Petite Games,Unreleased,"March 19, 2015",Unreleased,Unreleased
Super Destronaut 2: Go Duck Yourself,Action,Petite Games,Petite Games,Unreleased,"October 20, 2016",Unreleased,"October 20, 2016"
Super Hero Math,"Puzzles, strategy",Skunk Software,Skunk Software,Unreleased,"September 1, 2016",Unreleased,Unreleased
Super Mario 3D World,Platform,Nintendo EAD1-Up Studio,Nintendo,"November 21, 2013","November 22, 2013","November 30, 2013","November 29, 2013"
Super Mario Maker,Level editorplatform,Nintendo EAD,Nintendo,"September 10, 2015","September 11, 2015","September 12, 2015","September 11, 2015"
Super Meat Boy,Platform,Team Meat,Team Meat,Unreleased,"May 12, 2016","May 12, 2016","May 12, 2016"
Super Robo Mouse,"Action, adventure",RCMADIAX,RCMADIAX,"July 20, 2016","April 7, 2016","April 7, 2016","April 7, 2016"
Super Smash Bros. for Wii U,Fighting,Bandai Namco StudiosSora Ltd.,Nintendo,"December 6, 2014","November 21, 2014","November 29, 2014","November 28, 2014"
Super Toy Cars,Racing,Eclipse Games,Eclipse Games,"April 8, 2015","July 24, 2014",Unreleased,"July 24, 2014"
Super Ultra Star Shooter,"Action, arcade",Ultra Dolphin Revolution,Ultra Dolphin Revolution,Unreleased,"September 28, 2017",Unreleased,"September 21, 2017"
Surfin' Sam: Attack of the Aqualites,"Action, adventure",Slyon Studios,Slyon Studios,Unreleased,"August 11, 2016",Unreleased,Unreleased
Suspension Railroad Simulator,Simulation,Joindots,Joindots,Unreleased,"April 23, 2015",Unreleased,"March 26, 2015"
Swap Blocks,Puzzle,WizByte Games,WizByte Games,Unreleased,"June 1, 2017",Unreleased,"October 19, 2017"
Swap Fire,First-person shooter,Midnight Status,Midnight Status,Unreleased,"November 18, 2016",Unreleased,Unreleased
The Swapper,"Platform, puzzle",Facepalm GamesCurve Digital,JP: NintendoWW: Facepalm Games,"April 2, 2015","November 6, 2014",Unreleased,"November 6, 2014"
Sweetest Thing,Puzzle,Herrero,Herrero,Unreleased,"May 19, 2016",Unreleased,"May 5, 2016"
The Swindle,"Platform, action, stealth",Size Five Games,Curve Digital,Unreleased,"September 10, 2015",Unreleased,"September 10, 2015"
Swords & Soldiers,Real-time strategy,Two Tribes,Two Tribes,"November 23, 2015","May 22, 2014",Unreleased,"May 22, 2014"
Swords & Soldiers II,Real-time strategy,Ronimo Games,Ronimo Games,"December 9, 2015","May 21, 2015",Unreleased,"May 21, 2015"
Tabletop Gallery,"Puzzle, strategy",RCMADIAX,RCMADIAX,"April 28, 2015","January 7, 2016",Unreleased,"April 16, 2015"
Tachyon Project,Twin-stick shooter,Eclipse Games,Eclipse Games,"August 23, 2017","May 12, 2016",Unreleased,"March 31, 2016"
Tadpole Treble,"Action, adventure",Bitfinity,Bitfinity,Unreleased,"August 11, 2016",Unreleased,Unreleased
Taiko no Tatsujin: Atsumete ☆ Tomodachi Daisakusen!,Rhythm,Bandai Namco Studios,Bandai Namco Games,"November 26, 2015",Unreleased,Unreleased,Unreleased
Taiko no Tatsujin: Tokumori!,Rhythm,Bandai Namco Studios,Bandai Namco Games,"November 20, 2014",Unreleased,Unreleased,Unreleased
Taiko no Tatsujin: Wii U Version,Rhythm,Namco Bandai Studios,Namco,"November 21, 2013",Unreleased,Unreleased,Unreleased
Tallowmere,Action,Chris McFarland,JP: TeyonNA: Chris McFarland,"August 2, 2017","September 1, 2016",Unreleased,Unreleased
Tank SP,Action,Arc System Works,Arc System Works,"July 30, 2014",Unreleased,Unreleased,Unreleased
Tank! Tank! Tank!,Action,Namco Bandai Studios,Namco Bandai Games,"February 21, 2013","November 18, 2012","November 30, 2012","November 30, 2012"
Tap Tap Arcade,Arcaderacingstrategy,RCMADIAX,RCMADIAX,Unreleased,"February 18, 2016","April 28, 2016","April 28, 2016"
Tap Tap Arcade 2,Arcaderacingstrategy,RCMADIAX,RCMADIAX,Unreleased,"July 7, 2016","July 7, 2016","July 7, 2016"
Tekken Tag Tournament 2: Wii U Edition,Fighting,Namco Bandai Studios,Namco Bandai Games,"December 8, 2012","November 18, 2012","November 30, 2012","November 30, 2012"
Temple of Yog,Roguelikeadventure,ChudChud Industries,ChudChud Industries,Unreleased,"December 16, 2015",Unreleased,"January 7, 2016"
Tengami,Point-and-click adventure,Nyamyam,Nyamyam,Unreleased,"November 13, 2014",Unreleased,"November 13, 2014"
Terraria,Action-adventure,Re-Logic,505 Games,"September 15, 2016","June 16, 2016","June 23, 2016","June 24, 2016"
Teslagrad,Puzzleplatform,Rain Games,Rain Games,"March 11, 2015","September 11, 2014","September 11, 2014","May 8, 2015"
Teslapunk,Action,klutzGames,klutzGames,"January 25, 2017","December 8, 2016",Unreleased,"December 15, 2016"
Test Your Mind,Puzzlesstrategy,XenoHorizon,XenoHorizon,Unreleased,"November 12, 2015",Unreleased,"December 15, 2016"
Tested with Robots!,Puzzle platformer,M.R. Games,M.R. Games,Unreleased,Unreleased,Unreleased,"December 11, 2014"
Tetrobot and Co.,Puzzle,Swing Swing Submarine,JP: Beyond InteractiveWW: Neko Entertainment,"July 22, 2015","October 30, 2014",Unreleased,"October 30, 2014"
Tetraminos,Puzzlesstrategy,Sanuk Games,Sanuk Games,Unreleased,"September 8, 2016",Unreleased,"September 1, 2016"
The First Skunk Bundle,"Action, adventure",Skunk Software,Skunk Software,Unreleased,"September 1, 2016",Unreleased,Unreleased
Thomas Was Alone,Puzzle platformer,Mike Bithell,Curve Digital,Unreleased,"November 25, 2014",Unreleased,"November 25, 2014"
Tilelicious: Delicious Tiles,Puzzle,BattleLine Games,BattleLine Games,Unreleased,"April 16, 2015",Unreleased,Unreleased
Tiny Galaxy!,Platform,Arcane Pixel Games,Arcane Pixel Games,Unreleased,"July 16, 2015",Unreleased,Unreleased
Tiny Thief,Point-and-click adventure,Rovio Entertainment,Nintendo,"November 23, 2015",Unreleased,Unreleased,Unreleased
Titans Tower,Arcadepuzzlestrategy,RCMADIAX,RCMADIAX,Unreleased,"September 22, 2016","September 22, 2016","September 22, 2016"
TNT Racers: Nitro Machines Edition,Racing,Keen Games,Keen Games,Unreleased,"October 3, 2013",Unreleased,"September 5, 2013"
Toby: The Secret Mine,"Puzzles, adventure",Lukas Navratil,Headup Games,Unreleased,"January 19, 2017","January 19, 2017","January 19, 2017"
Togabito no Senritsu,Visual Novel,Kemco,Kemco,"October 2, 2013",Unreleased,Unreleased,Unreleased
Toki Tori,"Puzzle, platform",Two Tribes,Two Tribes,Unreleased,"November 7, 2013","November 7, 2013","November 7, 2013"
Toki Tori 2+,"Platform, puzzle",Two Tribes,JP: Rainy FrogWW: Two Tribes,"September 3, 2014","April 4, 2013","April 4, 2013","April 4, 2013"
Tomeling in Trouble,Actionarcadestrategy,HullBreach Studios,HullBreach Studios,Unreleased,"November 2, 2017",Unreleased,Unreleased
Tokyo Mirage Sessions ♯FE,Role-playing,AtlusIntelligent Systems,Nintendo,"December 26, 2015","June 24, 2016","June 25, 2016","June 24, 2016"
Tom Clancy's Splinter Cell: Blacklist,Action-adventurestealth,Ubisoft TorontoUbisoft Shanghai,Ubisoft,"September 5, 2013","August 20, 2013","August 22, 2013","August 23, 2013"
Toon Tanks,Action,Petite Games,Petite Games,Unreleased,"December 25, 2014",Unreleased,"July 21, 2016"
Toon War,"Action, adventure",Lemondo Games,Lemondo Games,Unreleased,"February 1, 2018",Unreleased,"March 15, 2018"
TorqueL,Action,Full Power Side Attack,Full Power Side Attack,"November 9, 2016",Unreleased,Unreleased,Unreleased
Toss n Go,Strategy,RCMADIAX,RCMADIAX,"April 28, 2015","December 18, 2014",Unreleased,Unreleased
Totem Topple,Tower defense,Crystalline Green,Crystalline Green,Unreleased,"November 19, 2015",Unreleased,"November 19, 2015"
Toto Temple Deluxe,Action,Juicy Beast Studio,Juicy Beast Studio,Unreleased,"October 1, 2015",Unreleased,"October 1, 2015"
Touch Battle Tank SP,"Action, shoot 'em up",Agetec,Silver Star,"July 30, 2014",Unreleased,Unreleased,Unreleased
Touch Selections,Action,RCMADIAX,RCMADIAX,Unreleased,"September 8, 2016","September 8, 2016","September 8, 2016"
Transformers Prime: The Game,Beat 'em up,Now Production,Activision,Unreleased,"November 18, 2012","November 30, 2012","November 30, 2012"
Transformers: Rise of the Dark Spark,Third-person shooter,Edge of Reality,Activision,Unreleased,"June 24, 2014","June 24, 2014","June 24, 2014"
Trine: Enchanted Edition,"Platform, puzzle, action role-playing",Frozenbyte,Frozenbyte,Unreleased,"March 12, 2015",Unreleased,"March 26, 2015"
Trine 2: Director's Cut,"Platform, puzzle, action role-playing",Frozenbyte,JP: NintendoWW: Frozenbyte,"January 22, 2014","November 18, 2012","January 31, 2013","November 30, 2012"
Tri-Strip,Puzzle,Sc0tt Games,Form Up Studios,Unreleased,"February 5, 2015",Unreleased,Unreleased
Triple Breakout,Arcade,nuGAME,nuGAME,Unreleased,"May 4, 2017",Unreleased,"May 4, 2017"
Tumblestone,Puzzle,The Quantum Astrophysicists Guild,The Quantum Astrophysicists Guild,Unreleased,"July 14, 2016","July 14, 2016","July 14, 2016"
Turbo: Super Stunt Squad,Action,Monkey Bar Games,D3 Publisher,Unreleased,"July 16, 2013","September 12, 2013","October 11, 2013"
Turtle Tale,Platform,Saturnine Games,Saturnine Games,Unreleased,"October 9, 2014","February 5, 2016","October 9, 2014"
Twin Robots,"Action, adventure",Ratalaika Games,Ratalaika Games,Unreleased,"June 16, 2016",Unreleased,"June 16, 2016"
Twisted Fusion,Platform,Leuvision,Leuvision,Unreleased,"November 3, 2016",Unreleased,"November 3, 2016"
Typoman,"Platform, puzzle",Brainseed Factory,Headup Games,Unreleased,"November 19, 2015",Unreleased,"November 19, 2015"
U Host,Trivia,Bear Box Media,Bear Box Media,Unreleased,"March 17, 2016",Unreleased,"March 3, 2016"
Ultratron,Multidirectional shooter,Puppygames,Curve Digital,Unreleased,"May 14, 2015",Unreleased,"May 14, 2015"
Unalive,Role-playing,RandomSpin,RandomSpin,Unreleased,"April 26, 2018",Unreleased,"May 10, 2018"
Underground,Adventurepuzzle,Grendel Games,Grendel Games,Unreleased,"April 2, 2015",Unreleased,"January 8, 2015"
Unepic,Platformrole-playing,EnjoyUp Games,EnjoyUp Games,Unreleased,"January 16, 2014",Unreleased,"January 23, 2014"
Use Your Words,Puzzle,Smiling Buddha Games,Screenwave Media,Unreleased,"April 27, 2017",Unreleased,"April 27, 2017"
uWordsmith,Puzzle,ChudChud Industries,ChudChud Industries,Unreleased,"January 15, 2015",Unreleased,Unreleased
Vaccine,Action-adventure,Rainy Night Creations,Rainy Night Creations,"May 31, 2017","February 23, 2017",Unreleased,"February 23, 2017"
Vector Assault,Shoot 'em up,WizByte Games,WizByte Games,Unreleased,"May 21, 2015",Unreleased,Unreleased
Vektor Wars,First-person shooteraction,Super Icon,Super Icon,Unreleased,"July 28, 2016",Unreleased,"September 8, 2016"
The Voice: I Want You,Music,Activision,Activision,Unreleased,"October 21, 2014",Unreleased,Unreleased
Volcanic Field 2,Actionadventure,Slyon Studios,Slyon Studios,Unreleased,"February 25, 2016",Unreleased,Unreleased
Volgarr the Viking,Action platformer,Crazy Viking Studios,Crazy Viking Studios,Unreleased,"October 12, 2017",Unreleased,"October 5, 2017"
VRog,Actionarcade,ByteRockers’ Games,ByteRockers’ Games,Unreleased,"March 16, 2017",Unreleased,"October 6, 2016"
The Walking Dead: Survival Instinct,First-person shooter,Terminal Reality,Activision,Unreleased,"March 19, 2013","March 21, 2013","March 22, 2013"
Wall Ball,Actionpuzzlestrategy,RCMADIAX,RCMADIAX,Unreleased,"February 16, 2017","February 23, 2017","February 23, 2017"
Warriors Orochi 3 Hyper,Hack and slash,Tecmo Koei,Tecmo Koei,"December 8, 2012","November 18, 2012","November 30, 2012","November 30, 2012"
Watch Dogs,Action-adventureopen worldstealth,Ubisoft MontrealUbisoft Bucharest,Ubisoft,"December 4, 2014","November 18, 2014","November 20, 2014","November 21, 2014"
Wheel of Fortune,Trivia,Pipeworks Software,THQ,Unreleased,"December 14, 2012",Unreleased,Unreleased
Whispering Willows,Adventure,Night Light Interactive,Akupara Games,Unreleased,"January 20, 2020",Unreleased,"October 8, 2015"
Wicked Monsters Blast! HD Plus,Partyshooter,Corecell Technology,PQube,Unreleased,"January 14, 2016",Unreleased,"October 15, 2015"
Wii Fit U,Fitness,Nintendo EAD,Nintendo,"October 31, 2013","November 1, 2013","November 2, 2013","November 1, 2013"
Wii Karaoke U,Music,"Tose Co., Ltd.",Nintendo,"December 8, 2012",Unreleased,Unreleased,"October 4, 2013"
Wii Party U,Party,NDcubeNintendo SPD,Nintendo,"October 31, 2013","October 25, 2013","October 26, 2013","October 25, 2013"
Wii Sports Club,Sports,Bandai Namco StudiosNintendo EAD,Nintendo,"October 30, 2013","November 7, 2013","November 7, 2013","November 7, 2013"
Wind-up Knight 2,Action,Robot Invader,Robot Invader,"April 28, 2015","August 13, 2015",Unreleased,Unreleased
Wings of Magloryx,Arcadepuzzlestrategy,Arbelos Interactive,Arbelos Interactive,Unreleased,"September 22, 2016",Unreleased,Unreleased
WinKings,First-person shooterpartyplatformer,Lemondo Games,Lemondo Games,Unreleased,"May 4, 2017",Unreleased,"May 11, 2017"
Wipeout 3,Action,Activision,Activision,Unreleased,"November 18, 2012",Unreleased,Unreleased
Wipeout: Create & Crash,Action,Behaviour Interactive,Activision,Unreleased,"October 15, 2013",Unreleased,Unreleased
Woah Dave!,Platform,MiniVisions,Choice Provisions,Unreleased,"August 20, 2015",Unreleased,Unreleased
The Wonderful 101,Action,Platinum GamesNintendo SPD,Nintendo,"August 24, 2013","September 15, 2013","August 24, 2013","August 23, 2013"
Wooden Sen'SeY,Actionplatform,Upper Byte,Neko Entertainment,"January 21, 2015","July 24, 2014",Unreleased,"July 24, 2014"
Word Party,Party,Lightwood Games,Lightwood Games,Unreleased,"November 12, 2015",Unreleased,"November 12, 2015"
Word Logic by Powgi,Puzzle,Lightwood Games,Lightwood Games,Unreleased,"August 18, 2016","August 18, 2016","August 18, 2016"
Word Puzzles by Powgi,Puzzle,Lightwood Games,Lightwood Games,Unreleased,"February 11, 2016",Unreleased,"January 28, 2016"
Word Search by Powgi,Puzzle,Lightwood Games,Lightwood Games,Unreleased,"April 16, 2015",Unreleased,"April 16, 2015"
WordsUp! Academy,Puzzles,CoderChild,CoderChild,Unreleased,"February 9, 2017",Unreleased,"February 9, 2017"
A World of Keflings,City-building,NinjaBee,NinjaBee,Unreleased,"November 13, 2014",Unreleased,"November 13, 2014"
Xavier,Platform,Prison Lab,Prison Lab,Unreleased,"November 13, 2014",Unreleased,Unreleased
Xenoblade Chronicles X,Action role-playing,Monolith Soft,Nintendo,"April 29, 2015","December 4, 2015","December 5, 2015","December 4, 2015"
Xeodrifter,"Action, adventure",Renegade Kid,Renegade Kid,Unreleased,"July 30, 2015",Unreleased,Unreleased
XType Plus,Shoot 'em up,PhobosLab,PhobosLab,"January 7, 2015","August 14, 2014",Unreleased,"July 31, 2014"
Y.A.S.G,"Action, arcade",LSA Games,LSA Games,Unreleased,"February 9, 2017",Unreleased,"April 6, 2017"
Yakuman Hō-ō,Board game,Nintendo,Nintendo,"February 18, 2015",Unreleased,Unreleased,Unreleased
Year Walk,Adventure,SimogoDakko Dakko,Simogo,"November 23, 2015","September 17, 2015","September 17, 2015","September 17, 2015"
Yo-kai Watch Dance: Just Dance Special Version,Rhythm,UbisoftLevel-5,UbisoftLevel-5,"December 5, 2015",Unreleased,Unreleased,Unreleased
Yoshi's Woolly World,Platform,Good-Feel,Nintendo,"July 16, 2015","October 16, 2015","June 25, 2015","June 26, 2015"
Your Shape: Fitness Evolved 2013,Fitness,Ubisoft,Ubisoft,Unreleased,"November 18, 2012","November 30, 2012","November 30, 2012"
ZaciSa's Last Stand,Tower defense,ZeNfA Productions,ZeNfA Productions,Unreleased,"July 3, 2014","January 8, 2016","August 20, 2015"
Zen Pinball 2,Pinball,Zen Studios,Zen Studios,Unreleased,"March 21, 2013",Unreleased,"January 31, 2013"
Ziggurat,First-person shooterdungeon crawl,Milkstone Studios,Milkstone Studios,Unreleased,"August 18, 2016",Unreleased,"June 30, 2016"
Zombeer,"Action, first-person shooter",Padaone Games,Padaone Games,Unreleased,"April 13, 2017",Unreleased,Unreleased
Zombie Brigade: No Brain No Gain,Action,Cypronia,Cypronia,Unreleased,"January 5, 2017",Unreleased,"December 22, 2016"
Zombie Defense,Tower defense,Teyon,Teyon,"August 5, 2015","September 17, 2015",Unreleased,"September 3, 2015"
ZombiU,Survival horror,Ubisoft Montpellier,Ubisoft,"December 8, 2012","November 18, 2012","November 30, 2012","November 30, 2012"
Zumba Fitness: World Party,Fitness,Zoë Mode,JP: Hamster CorporationWW: Majesco Entertainment,"September 4, 2014","November 5, 2013","November 22, 2013","November 22, 2013"
